raw,processed,predict
"Penanganan nya lambat, salah masukin pin gara2 hp nya ngebleng, tlfn cs, katanya segera di bantu, nyampe sore msh blm ada kabar, mana lumayan saldo nya masih banyak, saldo itu hasil narik ojol buat beli susu anak dll, tolong lh segera di respon",penanganan lambat salah masukkan pin gara handphone ngebleng tlfn cs katanya bantu sore kabar lumayan saldo saldo hasil menarik ojol beli susu anak dan lain-lain respon,-1
"Setiap kali top up dan mau membeli paket lewat ovo, selalu tidak bisa login sampai akun terblokir, dan untuk mengembalikannya harus tlp ke cs. Nya kan sayang pulsa. Jadi males pake ovo mening pake dana ga ribet.",kali top up membeli paket lewat ovo login akun terblokir untuk mengembalikannya telepon cs sayang pulsa jadi malas pakai ovo mening pakai dana ribet,-1
"Sumpah kecewa bngt!!! Temen saya tf dari DANA Ke OVO saya, tapi knp pas saya mau tf ke rek BCA saya akun saya malah terblokir, akun ovo saya sudah premier dan saya memasukan pin yg benar, saya sudah hubungin call Centre tapi alesannya sibuk terus!! Tolong donk kasih penjelasan, gmn itu saldo saya yg ada di ovo, mana saldo nya lumayan!!",sumpah kecewa banget teman tf dana ovo pas tf rek baca akun terblokir akun ovo premier memasukan pin benar hubungin call centre alesannya sibuk terus penjelasan gimana saldo ovo saldo lumayan,-1
Saya di mengalami kendala di fitur ovo tapi kok pas login lama banget di kirim link verifikasi nya tiap mau login lama banget dikirm Tolong dong di percepat login nya saya perlu Dan jugak kalo bisa pas login nya fitur verifikasi link nya di ilangin aja bikin ribet,mengalami kendala fitur ovo pas login banget kirim link verifikasi login banget dikirm percepat login perlu pas login fitur verifikasi link ilangin ribet,-1
Aplikasi yang mempersulit. Haruskah verivikasi data minta foto sampe 100 kali. Tinggal menggunakan aja sulit yah. Sudah login sesuai no hp dan email. Burukkk,aplikasi mempersulit haruskah verivikasi data meminta foto kali tinggal menggunakan sulit ya login sesuai no handphone email buruk,-1
"play service saya sudah ke versi terbaru, kenapa masih di suruh update versi aja? jadinya saya tidak bisa login ke ovo lagi, kenapa itu bisa terjadi?",play service versi terbaru suruh update versi jadinya login ovo terjadi,-1
"Td nya bintang 5 saya kasih dan terpecaya utk saya,tp semakin kemari bukan tambah canggih malah seperti di persulit utk masuk akun ovo saya setelah logoutğŸ‘Š,,,permintaan notif otp tidak pernah timbul di coba berulang kali malah suspend waktuğŸ¤¦â€â™‚ Coba di perbaiki lah sy pengguna ovo bertahun2 lho dari pertama",bintang terpecaya untuk kemari tambah canggih persulit untuk masuk akun ovo logout permintaan notif otp timbul coba berulang kali suspend waktu coba perbaiki pengguna ovo bertahun lho pertama,-1
"ko kode scurity yang saya masukin salah mulu ya mohon bantuannya dong saya udah top up malah jdi eror, nomor yang saya pake udah benar,code yang saya saya vertikasi malah gagal trus, mohon bantuannya,saya mau investasi malah kode yang saya masukan trus trusan gagal padahal kodenya udh benar",kode scurity masukkan salah terus bantuannya top up jadi eror nomor pakai benar code vertikasi gagal terus bantuannya investasi kode masukan terus trusan gagal kodenya udah benar,-1
"Semenjak di update salah kode security terus, padahal uda benar kode security-nya, Error ini Aplikasi OVO nya min. Jdi ngk nyaman dalam bertransaksi lewat OVO ini.",semenjak update salah kode security terus benar kode security error aplikasi ovo min jadi nyaman bertransaksi lewat ovo,-1
"Akhir-akhir ini setelah toup aplikasi sering eror, tidak bisa masuk meski kode security codenya benar... Tolong segera diperbaiki...",akhir akhir toup aplikasi eror masuk kode security codenya benar diperbaiki,-1
Terlalu ribet mau login pake no. Hp bukannya di kasi kode otp malah di kirimin link. Sedangkan no hp nya di aktifkan di hp biasa kusus nelpon yg gk bs buka link. Susah jdinya,ribet login pakai no handphone kode otp mengirimi link no handphone aktifkan handphone kusus nelpon gak link susah jdinya,-1
"Mohon maaf, knp ovo gk bisa login lagi dan pas masukin sandi malah dibilang salah, mohon untuk pihak ovo untuk memperbaiki hal ini.",maaf ovo gak login pas masukkan sandi dibilang salah untuk pihak ovo untuk memperbaiki,-1
Parah aku pengguna baru mau daftar aja susah masa kode verifikasi kagak nongol sampe Berjam jam bagaimana kedepannya...??,parah pengguna daftar susah masa kode verifikasi nongol berjam jam kedepannya,-1
"aplikasi parah...mau login aja udah 2hari kagak bisa bisa gara"" nunggu kode verifikasi yg gag muncul...capek gw ngulang"" mulu apk sialan gw udh ngubungin customer juga makin ribet",aplikasi parah login gara menunggu kode verifikasi muncul cape mengulang terus aplikasi sialan udah ngubungin customer ribet,-1
"Sampah,login verifikasi kode udah berulang kali gamau masuk,sampe keblokir 30 menit,ada apa sih?",sampah login verifikasi kode berulang kali gak mau masuk keblokir menit,-1
"Verifikasi kode pin salah mele, ubah kode pin tetep salah mele, udah kepalang transfer pula.. ga membuat mudah malah membuat susah",verifikasi kode pin salah mele ubah kode pin tetap salah mele kepalang transfer membuat mudah membuat susah,-1
"Halo, kenapa Kode keamanan saya selalu salah? Padahal saya menuliskan sesuai dengan kode yang saya buat. Dan setelah melakukan pembuatan ulang kode kemudian terus gagal dan tidak berhasil? Dan akun OVO saya terblokir sementara, kenapa?",halo kode keamanan salah menuliskan sesuai kode melakukan pembuatan ulang kode terus gagal berhasil akun ovo terblokir,-1
"Saya tidak bisa login dari kemaren,,, padahal ada saldo nya... Saya sudah tlp CC ovo...harus nunggu Â¹ menit. tapi apa, sampai sekarang akun ovo saya tidak bisa login juga.... Tolong kasih penjelasan yang pasti,gimana saya bisa login lagi ke akun ovo saya...",login kemarin saldo telepon cc ovo menunggu menit akun ovo login penjelasan login akun ovo,-1
"Ni apk knpa dah, sampah bangat, baru kemaren gw buat akun, eh barusan di buka kagak bisa katanya pake pin, lah gw aja dari download ape skrang belum ada t buat pin atau sgla macamnya, eh tau2 nya tadi pas buka malah minta pin/sandi lah gw mau ksih pin/ sandi apaan aplikasih sampah, noh dengarin ulasan orang2, malah bilang maaf maaf maaf pake robot setan, ah dah lah gw report aja apk nih, sekali sampah bakalan tetap jadi sampah, apk pantekkk",aplikasi sampah banget kemarin akun eh barusan katanya pakai pin download pin macamnya eh tahu pas meminta pin sandi pin sandi aplikasih sampah noh mendengarkan ulasan orang bilang maaf maaf maaf pakai robot setan ah repoaja aplikasi sampah tetap jadi sampah aplikasi pantek,-1
Bintang 1 aja lah dulu daftar lewat kartu Telkomsel gak keluar kode nya padahal walau pun saya d Malaysia jaringan Telkomsel normal aja d sini mengikutin jaringan kartu Maxis Malaysia padahal butuh banget mengunakan ovo buat top up ML apk imo live apk hago live semua apk yg q gunakan perlu apk ovo tapi knp GK bisa keluar soalnya ovo lama q sering limitğŸ¥ºğŸ¥ºğŸ¥ºğŸ¥º,bintang daftar lewat kartu telkomsel keluar kode malaysia jaringan telkomsel normal mengikutin jaringan kartu maxis malaysia butuh banget mengunakan ovo top up ml aplikasi imo live aplikasi hago live aplikasi gunakan perlu aplikasi ovo gak keluar soalnya ovo limit,-1
Aplikasi payah mau login aja susah banget...kode otp nggak pernah masuk ke no yang daftarkan auto uninstal sja..,aplikasi payah login susah banget kode otp masuk no daftarkan auto uninstal,-1
"Assalammuallaikum, saya sudah lama memakai apk ovo ini tidak terjadi masalah apa"", tapi knapa sekarang saya susah mau masuk pin sering gagal padahal pin yg saya masukan itu sudah benar, Dan disaat saya udah bisa masuk mau transfer rekening sudah nggak bisa Slalu gagal Dan disuruh beberapa saat lagi, Dan seterus nya begitu, slama ini saya tidak pernah kecewa sama apk ovo, tapi dengan keada,an apk ovo yg seperti ini skarang saya merasa sangat kecewa",menjadi seseorang alammuallaikum memakai aplikasi ovo terjadi masalah knapa susah masuk pin gagal pin masukan benar disaat masuk transfer rekening gagal disuruh seterus kecewa aplikasi ovo keada an aplikasi ovo merasa kecewa,-1
"Gimana sih ovo. Sy sdh atur ulang pin dan keluar sendiri mau msk lg pin nya salah katanya, padahal br aja ganti pin dan gk mungkin lupa, dan sekarang mala di blokir payah!!!!!",ovo atur ulang pin keluar masuk pin salah katanya ganti pin gak lupa mala blokir payah,-1
"Ini kenapa mau masuk aja gagal memuat konten terus, padahal koneksi jaringan bagus kode akses benar. Udah hapus cachenya, data pengguna juga udah sampai di instal ulang aplikasi nya. Tapi masih gagal aja memproses nomer telepon nya",masuk gagal memuat konten terus koneksi jaringan bagus kode akses benar hapus cachenya data pengguna instal ulang aplikasi gagal memproses nomer telepon,-1
"Sudah beberapa kali saya hub CS ovo via call dan email terkait pendaftaran saya pada akun ovo yg terkendala untuk login dan akhirnya sampai terblokir, sampai saat ini blm juga ada kepastian untuk saya bisa atau tidak untuk mendaftarkan atau menggunakan app ovo, jawaban yg selalu saya terima dari beberapa CS selalu bilang akan ditindaklanjuti, harus ngabisin pulsa brapa duit buat terusÂ²an hubungi cs ovo cuma buat bisa lanjutkan pendaftaran.. haduhhh parahhh",kali hubungi cs ovo via call email terkait pendaftaran akun ovo terkendala untuk login terblokir kepastian untuk untuk mendaftarkan menggunakan app ovo jawaban terima cs bilang ditindaklanjuti ngabisin pulsa duit terus an hubungi cs ovo lanjutkan pendaftaran aduh parah,-1
"akun saya keluar sendiri, pas mau masuk lagi ga bisa katanya ""kode security salah."" padahal saya sudah memasukkan kode yg benar. mau digantipun sama, pas masukkan kode ulangnya salah trs dan diminta coba lagi pdhl udh bener kodenya. ini gmn sih???",akun keluar pas masuk katanya kode security salah memasukkan kode benar digantipun pas masukkan kode ulangnya salah terus diminta coba udah benar kodenya gimana,-1
Saya baru saja mengisi saldo ovo..rencananya mau transfer ke bank lain tapi tidak bisa..pas mau masukin security code tidak bisa layar kembali lagi..padahal security kode saya benar..dan saya juga sudah ikutan reksa dana di ovo..,mengisi saldo ovo rencananya transfer bank pas masukkan security code layar kembali security kode benar ikutan reksa dana ovo,-1
"Merasah sudah tidak nyaman lagi dengan OVO.kata sandi saya/pin tidak pernah saya ganti,ketika saya login lagi ko malah tidak bisa dan tertulis ""aktifitas mencurigakan"".emang lu pikir yang login ini setan atau kontilanak sih...",merasah nyaman ovo kata sandi pin ganti login tertulis aktifitas mencurigakan pikir login setan kontilanak,-1
"Jelek banget aplikasi ini, sumpah ya aku baru top up 100.000 waktu masukin pin perasaan PINnya bener, tau tau keblokir, udah email, udah telpon juga tapi di kasih pertanyaan bertele tele, jangan download gaess sumpahh rugi banget walaupun ga besar tapi bagi siswa kaya aku uang segitu berarti banget!!",jelek banget aplikasi sumpah top up waktu masukkan pin perasaan pinnya benar tahu tahu keblokir email telpon pertanyaan bertele tele download gae sumpah rugi banget besar siswa kayak uang segitu berarti banget,-1
sangat2 kurang puas...karna apa..karna kalau pakai kartu yg sdh kenak blokir gk bisa login lagi...dan masuk pakai email juga gk bisa..tlng donk..di perbaiki apl'nya...,kurang puas pakai kartu kenak blokir gak login masuk pakai email gak tlng perbaiki apl,-1
Kecewa ..baru pertama kali pasang di tokped udah gak bisa pake login di aplikasi ovonya..mana baru top up..trus janji topup nya 1000 ternyata di ambilnya 1500....saya sih ga masalah brpapun biaya..tpi yg masalah mau beli online dengan uang yg tertera jadi kurang ....dan harus topup lagi...mending topupnya klw gak ada masalah..ini mah masalah!!!!!!!!!!! BAD LAH!!!!,kecewa pertama kali pasang tokped pakai login aplikasi ovonya top up terus janji topup ternyata ambilnya masalah brpapun biaya masalah beli onlen uang tertera jadi kurang topup lebih baik topupnya masalah mah masalah bad,-1
"Gimana sih kak,tolong dong saya mau beli paket internet,disitu ada saldo saya,udah kirim email kenapa tdk diproses,saya mau log in aja kode verifikasi nya kenapa dipersulit",kak beli paket internet disitu saldo kirim email diproses log kode verifikasi dipersulit,-1
"sekarang apa lagi.. lupa security code malah gk bisa login akun malah di blokir.. pihak ovo klo kirim kode verifikasi cepat klo dana masuk cepat.. tapi giliran pengguna ada masalah malah lepas tangan malah minta nunggu doank.. semua di serahkan ke costumer support, iya klo costumer support nya ceoat respon. ini mana udah lama respon nya giliran minta bantuan malah dapat jawaban yg sama sekali tidak membantu. berawal dari di suruh nunggu 1 jam selanjut nya di suruh nunggu 1x 24 jam apa gk gila.",lupa security code gak login akun blokir pihak ovo kirim kode verifikasi cepat dana masuk cepat giliran pengguna masalah lepas tangan meminta menunggu doang serahkan costumer suppo costumer supponya ceoat respon respon giliran meminta bantuan jawaban membantu berawal suruh menunggu jam selanjut suruh menunggu jam gak gila,-1
"Di isi saldo, malah akun tiba tiba tidak bisa di buka. Masukin pin ke amanan malah salah, di coba keluarin , mau masuk, malah Terjadi Kesalahan. Gak jelas asu",isi saldo akun tiba tiba masukkan pin amanan salah coba mengeluarkan masuk terjadi kesalahan jelas asu,-1
"Payah banget sih ini aplikasi gara2 terpaksa pindah device histori nya jadi hilang juga. Padahal sy butuh utk rekapan dagangan. Kok gt sih sistemnya sekarang, sdh loginnya ribet, histori nya hilang2. Kecewa banget!!!!!! Dulunpadahal login pake sms kode verifikasi enak2 aja dan histori nya tetap ada terus. Tambah lama bukan tambah memudahkan malah tambah menyulitkan!!",payah banget aplikasi gara terpaksa pindah device histori jadi hilang butuh untuk rekapan dagangan sistemnya loginnya ribet histori hilang kecewa banget dulunpadahal login pakai sms kode verifikasi enak histori tetap terus tambah tambah memudahkan tambah menyulitkan,-1
"Saya sama sekali ga bisa login... ""Terjadi Kesalahan"" padahal nomor udh bener... Tolong diperbaiki, saya jadi malu pas tadi mau balik dari resto...saya harus pulang dulu ke rumah untuk mengambil uang... Gimana sih nih developer, fitur ovo banyak, tapi ga bisa login, gimana cara nya memakai fitur itu tanpa login...Dari Dulu Ga kenapa2, malah pas minta update dia ga bisa login",login terjadi kesalahan nomor udah benar diperbaiki jadi malu pas balik resto pulang rumah untuk mengambil uang developer fitur ovo login cara memakai fitur login pas meminta update login,-1
"Ngerugiin orang, masa dari kemarin mau login gabisa bisa padahal sebelumnya bisa ga lama kemudian mau masuk malah gagal mulu, ini gimana sih. Ada uangnya di akun saya tolong dong diperbaiki apk nya biar ga ngerugiin banyak orang Saya sudah chat cs berkali2 tapi ga ada tindakannya juga Jaringan udh stabil, dan udh ikutin prosedur yg dikasih tp tetep aja gabisa tuh",ngerugiin orang masa kemarin login tidak bisa masuk gagal terus uangnya akun diperbaiki aplikasi ngerugiin orang chat cs berkali tindakannya jaringan udah stabil udah mengikuti prosedur dikasih tetap tidak bisa,-1
Masukin kode yg bener malah salah sampe ke blokir. Konyol. 1x kesempatan lg aneh2 gw uninstall gw drdlu pengguna ovo. Byk metode pembayaran lain. Nyusahin uninstal. Titik.,masukkan kode benar salah blokir konyol kesempatan aneh uninstall drdlu pengguna ovo metode pembayaran menyusahkan uninstal titik,-1
"Bisa kasih info min..mau login ga bisa google play service katanya update..padahal apk di hp saya ini versi baru semua,apk keuangan sebelah juga ada..tapi cuma ovo yg ga bisa masuk..bisa bantu jawab??",informasi min login google play service katanya update aplikasi handphone versi aplikasi keuangan sebelah ovo masuk bantu jawab,-1
"Ovo ko gak bertanggung jawab banget yah...sudah menghubungi cs malah bilang tidak ada kendala...malah disuruh login ulang dan coba uninstall, udah dilakuin masih tetep sama aja...dan bilang gak kenapa kenapa terus...untuk perusahaan anda mungkin tidak ada apa apanya udang 600rb tapi untuk saya berharga sekali, tolong pihak ovo, jangan hanya bilang tidak ada kendala. Dimana tanggung jawab kalian.",ovo bertanggung jawab banget ya menghubungi cs bilang kendala disuruh login ulang coba uninstall dilakuin tetap bilang terus untuk perusahaan apanya udang ribu untuk berharga pihak ovo bilang kendala dimana tanggung jawab,-1
Apk tdk bagus saya masuk kepada akun ovoku dan saya dikirimkan kode verivikasi 6 digit malah dikirimkn 7digit akhirnya tidak masuk ke akun ovoku,aplikasi bagus masuk akun ovoku dikirimkan kode verivikasi digit dikirimkn digit masuk akun ovoku,-1
"Bingung krna loginnya pakek no hp, sdgkan no hpnya sdh tidak aktif, tlfon CS ovo+inbox via Gmail u/ pergantian no. Baru, Alhamdulillah cepet banget responnya, yg penting no. Yg lama masih ingat brpa..Alhamdulillah skrg sdah bisa login kembali+saldonya masih utuhğŸ˜‡Terimakasih ovo, smga sukses sllu, dan smga kedepannya dipermudah lagi u/ login via E-mail, krna klo tlpon sering hilang/gk aktif ğŸ™ğŸ‘ğŸ‘",bingung loginnya pakai no handphone sdgkan no hpnya aktif tlfon cs ovo inbox via gmail pergantian no alhamdulillah cepat banget responnya penting no ingat alhamdulillah login kembali saldonya utuh terimakasih ovo semoga sukses semoga kedepannya dipermudah login via mail tlpon hilang gak aktif,-1
"Gak bisa LOGIN!! Padahal udah ada saldo OVO dari Tokopedia,pas mau login malah akun di blokir gak jelas banget nih.... Udah sama semua akun,nomor,dan pin OVO dah sama. Tapi gak bisa login",login saldo ovo tokopedia pas login akun blokir jelas banget akun nomor pin ovo login,-1
"Ga usah beli diamond mobile legends lewat ovo, percumah keamanannya lemah. Gue top up 82.500 krna ga dikasih kode selama sehari, setelah dikasih kode nya sudah dipakai orang lain, dah chat berkali"" jawabannya gue dituduh nyebarin kode otp, emang ajg kontl mmq. Nyari duit susah Diprank apk kntl",perlu beli diamond mobile legends lewat ovo percumah keamanannya lemah top up dikasih kode sehari dikasih kode dipakai orang chat berkali jawabannya dituduh nyebarin kode otp anjing kontl mmq mencari duit susah diprank aplikasi kntl,-1
"Tolong lah bagi pihak ovo, masa iya batas salah cuma 3 kali, saya yang sering lupa sama pin kan jadi dipersulit, banyak pin yang harus saya inget, pin itulah pin inilah, jadi tolong tambahkan lah batas salah nya, karena udah salah 3x saya udah 2x melewatkan promo, yang tadinya mau beli ini ehh gara gara salah pin, masa iyaa disuruh nunggu 1 jam! Keburu habis lah promonya, tolong lah beri kami sebagai pengguna kebebasan, masa iya cuma 3x salah terus di blokir 1 jam!!",pihak ovo masa batas salah kali lupa pin jadi dipersulit pin ingat pin pin jadi tambahkan batas salah salah melewatkan promo beli eh gara gara salah pin masa disuruh menunggu jam terlanjur habis promonya beri pengguna kebebasan masa salah terus blokir jam,-1
"Sebenarnya aplikasi cukup mudah digunakan apalagi top up dengan cara yang mudah juga. Sayangnya, saat login akses ngeselin banget karena udah pakai fingerprint harus masukin pin lagi dan harus ngulang.",aplikasi cukup mudah digunakan top up cara mudah sayangnya login akses mengesalkan banget pakai fingerprint masukkan pin mengulang,1
"Saya baru instal aplikaai ovo ini, tapi saya sudah dibuat bingung, setiapkali saya masukan kode prifikasi yang dikirim melalui sms. Saya rasa sudah benar memasukan setiap angkanya. Tapi kenapa disuruh coba lagi dan coba lagi. Saya ulangi dan ulagi tapi tetap seperti itu, kenapa?",instal aplikaai ovo dibuat bingung setiapkali masukan kode prifikasi dikirim sms rasa benar memasukan angkanya disuruh coba coba ulangi ulagi tetap,-1
"Mohon bantuannyağŸ™ğŸ», yg bikin saya kesal, nunggu kode yg dikirim ke nomer saya itu loh lama nyaaa !!!!!!! Saya udah nunggu bbrp menit,ga di kasih kasih nomer verifikasi opo saya !!!! Mohon respon pihak app ovo",bantuannya kesal menunggu kode dikirim nomer loh menunggu menit nomer verifikasi respon pihak app ovo,-1
Kenapa setelah update saya tidak bisa masuk akun ovo saya . Padahal awalnya saya melakukan transaksi untuk melanjutkan transaksi saya di minta kode keamanan begitu saya masukkan kode selalu di tolak karena tidak sesuai.lalu saya di minta update aplikasi. Setelah saya update. Malah saya tidak bisa masuk ke akun ovo saya.tiap kali sya isi nomor akun ovo. Saya di minta memasukkan kode keamanan. Dan selalu di tolak. Padahal saya tidak pernah menggantinya tiap saya hubungi call center. Tidak bisa. .,update masuk akun ovo awalnya melakukan transaksi untuk melanjutkan transaksi meminta kode keamanan masukkan kode tolak sesuai meminta update aplikasi update masuk akun ovo kali isi nomor akun ovo meminta memasukkan kode keamanan tolak menggantinya hubungi call center,-1
"Saya login g bisa, atur ulang password jg g bisa, akhirnya akun saya terblokir. Masak atur ulang password gagal terus , sampai saya catat itu password di kertas saya masukin lagi tetep gagal terus !! Sampai terblokir akun saya, punya sistem di perbaiki lah!",login atur ulang word akun terblokir masak atur ulang word gagal terus catat word kertas masukkan tetap gagal terus terblokir akun punya sistem perbaiki,-1
"Saya beli voucher google play sebanyak 2 kali, 150K sama 10K. Tapi semuanya gak ada yang bisa direndeem. Alasannya karena tidak sesuai dengan negara asal beli. Ovo nyasar ke negara mana nih, gimana kerugian saya 160K, balikin dong kalau emang kode vouchernya gak guna. Lanjut ke laporan google dari ovo, malah gak bisa upload dokumen. Sama aja kayak bohong",beli voucher google play kali direndeem alasannya sesuai negara asal beli ovo tersesat negara kerugian balikin kode vouchernya lanjut laporan google ovo upload dokumen bohong,-1
"Kecewa sama ovo, saya mengalami kerugian ini karena melakukan transaksi vocer game unipin lewat ovo ini karena saldonya udah ke ambil eh kode voucher game nya ga muncul. Udah ngirim laporan lewat cs via telfon ehh terus disuruh nunggu dan disuruh buat ngirim laporan via email. Udah dikirim lewat email dikira bakal langsung dikasih solusi nya, eh taunya suruh nunggu lagi. Kecewa banget sama ovo yang sekarang, buruk banget pelayanannya",kecewa ovo mengalami kerugian melakukan transaksi vocer permainan unipin lewat ovo saldonya ambil eh kode voucher permainan muncul mengirim laporan lewat cs via telfon eh terus disuruh menunggu disuruh mengirim laporan via email dikirim lewat email dikira bakal langsung dikasih solusi eh taunya suruh menunggu kecewa banget ovo buruk banget pelayanannya,-1
"Punya saya ovo premier... Hari ini mendadak tidak bisa login padahal security code sudah benar malah muncul error code padahal pakai finger code, bolak balik berkali kali tidak bisa login juga... sudah berbagai cara dari clear cache, instal ulang, jaringan internet stabil saja... jadi berpikir ulang berbahaya juga naruh uang banyak di aplikasi ini apalagi kalo sampai ikut ovo invest bisa bisa hilang... kalo sampai login saja mendadak tidak bisa",punya ovo premier mendadak login security code benar muncul error code pakai finger code bolak balik berkali kali login berbagai cara clear cache instal ulang jaringan internet stabil jadi berpikir ulang berbahaya naruh uang aplikasi ikut ovo invest hilang login mendadak,-1
Ganti nomor ke nomor baru... Nomor lama yg ku daftarin di ovo mati... Kartu nya pun sudah hangus & hilang... Mau ganti nomor di ovo. Tapi gk bisa! Malah harus verifikasi... Tapi kode verifikasi nya malah kekirim ke nomor lama... Masalahnya kartunya hilang...! Tolong bantu... Kalo bisa klo mau ganti nomor... kode verifikasi nya jangan ke nomor lama donk! Ribet banget.,ganti nomor nomor nomor ku daftarin ovo mati kartu hangus hilang ganti nomor ovo gak verifikasi kode verifikasi kekirim nomor masalahnya kartunya hilang bantu ganti nomor kode verifikasi nomor ribet banget,-1
"Kenapa login dipersulit? Kenapa nomer yg bersangkutan harus tertancap di hp? Nomer yg terdaftar ada di hp kecil, sementara aplikasi ini ada di hp utama. Sudah tidak ada solusi lain kah?",login dipersulit nomer bersangkutan tertancap handphone nomer terdaftar handphone aplikasi handphone utama solusi kah,-1
"Kok heran ya? Saat mau trx kemaren error gara - gara salah masukin kode security, tapi sekarang malah jadi ga bisa login?? Tlg lah kode security saya ga pernah diganti"" tapi mau masukin malah salah, udah gitu malah diblokir lagi. Ya paling engga data saya diamankan, terus mau dipakai buat trx Mohon dimaksimalkan Tim OVO ~",heran trx kemarin error gara gara salah masukkan kode security jadi login kode security diganti masukkan salah diblokir data diamankan terus dipakai trx dimaksimalkan tim ovo,-1
"pembayaran via QRIS gagal mulu padahal sudah masukan pin dan nominal pembayaran, setelah klik selesai balik lagi ke nomonal dan pin terus menerus begitu, aplikasi sudah upgrade ke versi terbaru. bintang satu dulu ya sebelum di perbaiki.",pembayaran via qris gagal terus masukan pin nominal pembayaran klik selesai balik nomonal pin terus menerus aplikasi upgrade versi terbaru bintang satu perbaiki,-1
Sumpah ni apk jelek banget login nya susah trus penarikan susah mending pake apk dana lebih mudah dan terjamin,sumpah aplikasi jelek banget login susah terus penarikan susah lebih baik pakai aplikasi dana mudah terjamin,-1
"Baru download semalam aplikasi masih bisa di buka tp ini hari terkunci kode pin salah, salah dari mana kode pin yg di masukkan jg sama dgn yg kemarin. Perbaiki dong aplikasinya klo mmg gak bisa di perbaiki mending di hapus kasihan dgn pengguna yg msh ada saldo atau melakukan pembelian dan pembayaran klo semua nyangkut di pihak ovo. Ingat kami ini cari uang dgn susah payah bukan mencuri. Tolong semua keluahan di tanggapi dgn serius. Ini masalah uang bukan sekedar aplikasi yg bermasalah.",download semalam aplikasi terkunci kode pin salah salah kode pin masukkan kemarin perbaiki aplikasinya perbaiki lebih baik hapus kasihan pengguna saldo melakukan pembelian pembayaran nyangkut pihak ovo ingat cari uang susah payah mencuri keluahan tanggapi serius masalah uang sekedar aplikasi bermasalah,-1
"Gembel akun premium gw di blokir tanpa sebab, hubungi CS cman dsuruh login di perangkat lain dan tunggu 24 jam, tapi ttp aja ke blokir. Hati2 yg simpen duit di OVO bahaya mending tarikin semua uangnya, mending ke DANA lebih mudah aja dan cari aman dri pda saldo di OVO di korupsiin",gembel akun premium blokir hubungi cs cuman dsuruh login perangkat tunggu jam tetap blokir hati simpan duit ovo bahaya lebih baik tarikin uangnya lebih baik dana mudah cari aman saldo ovo korupsiin,-1
"Masa mau masuk terus ngisi security code gak bisa bisa ,gagal terus padahal kode y bener ditulis dibuku lgi biar gak lupa kode tetep aja coba lagi ,atur ulang sandi lewat email tetap aja gagal ...,payahhhh",masa masuk terus mengisi security code gagal terus kode benar ditulis dibuku lupa kode tetap coba atur ulang sandi lewat email tetap gagal payah,-1
"Kenapa saya mau login setelah masukan nomer handphone lalu kirim kode,smsnya sudah Masuk tapi kenapa ga ada nomer kodenya? Gimana saya mau login sedangkan nomer kodenya ga ada di smsnya ,Tolong lah perbaiki,Jangan seperti ini uang saya ada di dalam lumayan gede,parah ini aplikasi",login masukan nomer handphone kirim kode smsnya masuk nomer kodenya login nomer kodenya smsnya perbaiki uang lumayan gede parah aplikasi,-1
"Agak ribet, bolak balik login pakai OTP. Padahal gak ganti perangkat, daj sudah ada pin daj sidik jari. Beda kaya tahun yg lebih praktis dan nyaman pakainya",ribet bolak balik login pakai otp ganti perangkat daj pin daj sidik jari beda kayak tahun praktis nyaman pakainya,-1
"Kecewa banget ama ovo nih Awal"" bisa transaksi, eh setelah pin salah, padahal jelas betul pin yg saya masukkan ga salah, setelahnya ga bisa dipake buat transaksi lagi, udah lapor melalui tlp juga ga menyelesaikan masalahnya, pulsa mh abis banyak, mana saldo di ovo saya jg banyak Tolong dong jangan dipersulit Gimana dengan saldo saya",kecewa banget ovo awal transaksi eh pin salah jelas betul pin masukkan salah setelahnya dipakai transaksi lapor telepon menyelesaikan masalahnya pulsa mah habis saldo ovo dipersulit saldo,-1
"Saya sangat kecewa sekali, kenapa setiap beberapa hari tidak buka ovo otomatis log out. Dan ketika saya mencoba log in sangat susah mendapat kan kode otp sms. Saya sangat kecewa disaat saya butuh uangnya malah terjadi kendala seperti ini. Mohon segera perbaikan. Soalnya apk nya sangat jauh lebih mudah dan lebih simple dana",kecewa ovo otomatis log out mencoba log susah mendapat kode otp sms kecewa disaat butuh uangnya terjadi kendala perbaikan soalnya aplikasi jauh mudah simple dana,-1
"Saya tidak nyaman dgn ovo sekarang, keadaan lagi darurat mau narik saldo login minta aktivasi aja lama bener ga bisa masuk-masuk! Saya bener-bener tidak nyaman dapat pelayanan seperti ini pada saya udah pelanggan premium ğŸ—¡",nyaman ovo keadaan darurat menarik saldo login meminta aktivasi benar masuk masuk benar benar nyaman pelayanan pelanggan premium,-1
"Ovo LG ada masalah apa sih,? sampe sampe saya sndiri gk bisa login ke akun pribadi,? Kirain cuma akun teman gw doang yg begini, ternyata w juga ngalamin hal yg sama, apa perlu saya riport??????",ovo masalah gak login akun pribadi mengira akun teman doang ternyata ngalamin perlu ripo,-1
Halo admin... Saya mau nanya ne.. kemarin saya beli voucher google play store dari aplikasi ovo... Nah terus pas mu di gunakan kenapa tidak bisa.. error dengan alasan kode voucher bisa di gunakan di negara tempat voucher di beli.. itu solusi nya gimana ya.. btw ne aplikasi ovo bukan dri indonesia ya..,halo admin tanya kemarin beli voucher google play store aplikasi ovo terus pas mu gunakan error alasan kode voucher gunakan negara tempat voucher beli solusi ngomong-ngomong aplikasi ovo indonesia,1
"Mau ganti no di aplikasi ovo aja tidak bisa dan kode OTP pun tidak terkirim, sudah coba di pindahkan kartu yg baru ke handphone yg lain sama saja OTP pun tidak kunjung datangğŸ‘, tidak jlas di email juga tidak ada respon",ganti no aplikasi ovo kode otp terkirim coba pindahkan kartu handphone otp kunjung datang jlas email respon,-1
Saya laporkan keOJK. Akun saya gak bisa login mulai dari awal bulan juli.selalu diblokir sudah ganti HP berkali2 tetap diblokir buat login. Sangat sangat mengecewakan dengan aplikasi OVO.uang saya yang jutaan gak bisa melakukan transaksi. Semoga secepatnya OJK menindak Aplikasi yang sudah meresahkan Nasabahnya yang uangnya tidak bisa diambil gara2 akun tidak bisa login selalu diblokir.yang melanggar undang2 konsumen,laporkan keojk akun login mulai awal bulan juli diblokir ganti handphone berkali tetap diblokir login mengecewakan aplikasi ovo uang jutaan melakukan transaksi semoga secepatnya ojk menindak aplikasi meresahkan nasabahnya uangnya diambil gara akun login diblokir melanggar undang konsumen,-1
Ini saya tiba tiba log out dari ovo padahal saya gak pernah log out. Terus saya login lgi tetapi gak bisa . Suruh masukan pin udh saya masukan dengan benar malah di suruh update google play service terus saya update tetapi tetep aja gak bisa login . Pdhl saldo saya 300 ribuan . Mohon ini gimna . Trimakasih,tiba tiba log out ovo log out terus login suruh masukan pin udah masukan benar suruh update google play service terus update tetap login saldo ribuan gimana trimakasih,-1
"Saya habis top up kode voucher mobile legends dari ovo, namun saat sudah ada kodenya.. Kodenya tidak dapat di gunakan, saya sudah meminta pusat bantuan untuk solusi namun tetap tidak ada solusi dan malah mengarahkan ke web lain padahal sudah jelas jelas ovo salah karena mengirim kode yang tidak sah, saat saya meminta refund atau ganti kode permintaan saya tidak dibalas, saya kecewa pelayanan yang buruk",habis top up kode voucher mobile legends ovo kodenya kodenya gunakan meminta pusat bantuan untuk solusi tetap solusi mengarahkan web jelas jelas ovo salah mengirim kode sah meminta refund ganti kode permintaan dibalas kecewa pelayanan buruk,-1
"Tiap mau login perangkat baru harus lewat link.. Sedangkan hp saya simnya rusak.. Gimana cara ngatasinya.. Gak bisakah cuma lewat kode otp, biar nomor bisa di pasang di hp temen dulu",login perangkat lewat link handphone simnya rusak cara ngatasinya lewat kode otp nomor pasang handphone teman,-1
"Saya punya ovo utk pencairan prakerja, tapi ga bisa d tf kebbank, setiap x mau pilih bank selalu kembali otomatis kemenu pilih bank terus, saya coba ganti akun lain juga sama, HP saya android 9, Terus saya coba login d android 7 malah bisa.",punya ovo untuk pencairan prakerja tf kebbank pilih bank kembali otomatis kemenu pilih bank terus coba ganti akun handphone android terus coba login android,-1
"saat saya ingin tranksanksi pulsa lewat ovo, saya tidak bisa.. karena kata pihak ovo ""Salah Pin"" padahal saya sudah sering menggunakan tranksanksi ovo dan tidak pernah lupa dengan pin saya, dan saya coba lagi untuk ke 2 kalinya, saya diminta untuk memasukkan no telpon lagi dan memasukkan pin, nah pas sudah saya masukkan pinnya katanya salah setelah saya mencoba lagi lagi dan lagi saya di blokir oleh ovo, tolong perbaiki masalah ini..",tranksanksi pulsa lewat ovo kata pihak ovo salah pin menggunakan tranksanksi ovo lupa pin coba untuk kalinya diminta untuk memasukkan no telpon memasukkan pin pas masukkan pinnya katanya salah mencoba blokir ovo perbaiki masalah,-1
Saya pengen login selalu diblokir .padahal pin dan nomor telpon ada ditempat saya.beberapa kali ganti hape tetap diblokir. Kebalikan uang saya.jangan main makan uang saya. Saya sumpahin masuk neraka sudah mau ngambil gak uang saya,login diblokir pin nomor telpon ditempat kali ganti hape tetap diblokir kebalikan uang main makan uang sumpahin masuk neraka mengambil uang,-1
"apa ini, sampai skrg saya mau masuk di akun saya tdk bsa, tunggu kode verifikasinya ajaa udah 1 hari tetap tdk ada. sdah komplen ke CS nya tp CSnya tetap tidak membantu. tolong ditindak lanjuti donkk keluhan saya. saya mau transaksi nih pake ovo. soalnya uang saya tertinggal disitu.",masuk akun tunggu kode verifikasinya tetap komplen cs csnya tetap membantu ditindak lanjuti keluhan transaksi pakai ovo soalnya uang tertinggal disitu,-1
"Aplikasi ovo ini sangat ribet Uang 100 ribu saya Terblokir di aplikasi ini karna lupa masukin pin, cara server untuk pengambalian akun kita juga harus pake di telpon menghabiskan pulsa kita aja. Beda dgn aplikasi lain yg mempermudah pemakai nya cukup konfirmasi email atau masukkan kode lwt hp aj cukup gx pake tlpon2 gini sangat rugi sy gx mau lg menggunakan aplkasi ini.",aplikasi ovo ribet uang ribu terblokir aplikasi lupa masukkan pin cara server untuk pengambalian akun pakai telpon menghabiskan pulsa beda aplikasi mempermudah pemakai cukup konfirmasi email masukkan kode lewat handphone aja cukup pakai tlpon rugi menggunakan aplkasi,-1
"Jam sgini harusnya udah bisa isi token listrik.. udah bisa isi malah cek history gak bisa masuk cuma blank putih... nyusahin... Gak profesional.... Kalo, belum bisa kasih kode token... kasih aja notif sedang MT atau apa.... !!!!!!!",jam sgini isi token listrik isi cek history masuk blank putih menyusahkan profesional kode token notif makan teman,-1
"Gimana ni ovo sekarang mau login aja lambar benar bisa nungu sampai 15 menit belum bisa login juga, gimana mau transaksi cepat kalau gini. Tolong di perbaiki kualitas sofwarnya,....",ovo login lambar benar nungu menit login transaksi cepat perbaiki kualitas sofwarnya,-1
Saya mau login ke Ovo saya yg lama tapi nomornya udah hangus gmna caranya? Untuk apa d sambungkan ke Gmail kalo ga ada opsi buat login lewat gmail? Trus tdi saya isi lewat Ovo cash grab tapi kok ga ada malah saldonya hilang? Gmna solusinya?,login ovo nomornya hangus gimana caranya untuk sambungkan gmail opsi login lewat gmail terus isi lewat ovo cash grab saldonya hilang gimana solusinya,-1
"Apk gk jelas, kirim kode Verifikasi aja lama minta ampun, kirim uang juga ribet. Upgrade ke premium malah bikin diribetin. Auto uninstall.",aplikasi gak jelas kirim kode verifikasi meminta ampun kirim uang ribet upgrade premium diribetin auto uninstall,-1
"Cara daftarnya ribet amat, gak kaya dompet digital sebelah, gua daftar terus aja masukan kode security, klik link yang di kirim ke sms, udah gua klik gitu aja terusss ğŸ¤£ğŸ¤£ğŸ¤£",cara daftarnya ribet kayak dompet digital sebelah daftar terus masukan kode security klik link kirim sms klik terus,-1
"Saya nyesel download aplikasi OVO karena login nya yang repot padahal update sebelumnya loginnya cuma pake nomor telepon doang sama kode verifikasi tapi sekarang kenapa login nya harus pake repot mulai dari harus pake kode security, sama email pulak hadeh mending sediakan login pake meteode lain kek google,facebook,grab,toped,twitter dll. kenapa loginnya harus repot kek gituğŸ˜¡ğŸ˜¡ğŸ˜¡ğŸ˜¡ğŸ˜¡",menyesal download aplikasi ovo login repot update loginnya pakai nomor telepon doang kode verifikasi login pakai repot mulai pakai kode security email hadeh lebih baik sediakan login pakai meteode kayak google facebook grab toped twitter dan lain-lain loginnya repot kayak,-1
"Haduhh nih apk gw ada saldo Ovo 30k gw buat bayar scan,pulsa,token listrik pokonya apa aja kaga bisa sayang ada 30k nya misal mau beli token listrik pas selesai masukij pin nya pasti langsung kembali ke bagian awal gitu aja terus udah kirim pesan ga ada balesan mending Dana dah gw mah dari pada saldonya ngga bisa di apaÂ²in kecewa",haduhh aplikasi saldo ovo bayar scan pulsa token listrik pokoknya sayang misal beli token listrik pas selesai masukij pin langsung kembali bagian awal terus kirim pesan balesan lebih baik dana mah saldonya kecewa,-1
"Parah banget , gua transfer ke rekening bank gak bisa , terus tau tau gua gak bisa login lagi Hahaha Aplikasi nya makan duwit orang , gak berkah hidup lu lu pada makan duwit orang. Woyyy duwit gak seberapa , hidup lu pada gak tenang setan",parah banget transfer rekening bank terus tahu tahu login hahaha aplikasi makan duwit orang berkah hidup makan duwit orang woy duwit hidup tenang setan,-1
Maaf cuma kasih bintang 2 karena saya bingung kenapa kode otp nya tidak masuk padahal kuota ku masih full dan jaringan juga bagus atau mungkin karena pulsa karena saya tidak memiliki pulsa tolong pihak OVO direspon nanti saya kasih bintang 5,maaf bintang bingung kode otp masuk kuota ku full jaringan bagus pulsa memiliki pulsa pihak ovo direspon bintang,-1
Aplikasi gimana sih.. orang udah top up kok malah gak bisa login .. terus logout sendiri .. giliran login lg malah bilangnya terjadi kesalahan... Gimana sih ini aplikasi,aplikasi orang top up login terus logout giliran login bilangnya terjadi kesalahan aplikasi,-1
"Kenapa yaa untuk traksaksi selalu gagal? Ada nya seperti ini saya tidak nyaman, karena saya sudah percaya dgn transaksi apapun pakai ovo tapi ini selalu transaksi gagal. Dan selalu ketik pin padahal saya gak lupa dgn pin itu",ya untuk traksaksi gagal nyaman percaya transaksi apapun pakai ovo transaksi gagal ketik pin lupa pin,-1
"Pas mau login kok suruh masukin nomor telepon lagi, pas udah masukin nomor telepon lagi terjadi kesalahan terus kenapa ya, padahal udah update aplikasinya, nomor yang dimasukin juga bener.. ovo kenapa yaa ğŸ™ƒ",pas login suruh masukkan nomor telepon pas masukkan nomor telepon terjadi kesalahan terus update aplikasinya nomor dimasuki benar ovo ya,-1
"Woy bagaimana sih ni aplikasi masa saya masukkan kode ovo salah !!. Terus qw sudah mau ganti password ovo pass SDH ganti password, di apknua tertulis kode verifikasi salah !. Aswlah. Cepat balaslah email-nya. Ada perlu sekali ini",woy aplikasi masa masukkan kode ovo salah terus qw ganti word ovo ganti word apknua tertulis kode verifikasi salah aswlah cepat balaslah email perlu,-1
"Mo ganti sandi aja susah banget padahal kode udh masuk semua, sampe sampe akun terblokir katanya hubung no servis, tapi ga di respon dasar, saldo 40.000 hilang pikirÂ²lagi deh, turunkan ratingnya, nanti di bales palingan katanya hubungi 1500926 tapi apa di respon juga kagak, kesel banget dh",ganti sandi susah banget kode udah masuk akun terblokir katanya hubung no servis respon dasar saldo hilang pikir deh turunkan ratingnya balas palingan katanya hubungi respon kesal banget deh,-1
"Tolong dibantu pak ,saya tidak bisa login aplikasi dikarenakan keterangan kode keamanan salah ,padahal uda benar, dan untuk atur ulang saya kehilangan email, dan saya sudah hubungi cs@ovo tetapi tidak ada respon Trimksih",dibantu pak login aplikasi keterangan kode keamanan salah benar untuk atur ulang kehilangan email hubungi cs respon trimksih,-1
"Semua aplikasi saya memakai kode otp via sms ke hp jadul saya untuk keamanan , android hanya untuk oprasional. Bagaimana cara mengaktifkan ovo jika hanya via tautan? Bukan kode otp. Mohon solusinya.",aplikasi memakai kode otp via sms handphone jaman dulu untuk keamanan android untuk oprasional cara mengaktifkan ovo via tautan kode otp solusinya,-1
"Tolong untuk login jgan pakek verifikasi nomer bikin ribet bagi yg nomernya sudah tidak aktif,klo daftar iya harus pkek verifikasi, menurut saya cara login nya tinggal msukan nomer yg terkait di ovo trus masukin pin kan lebih mudah bagi penggunanya yang lupa atau ceroboh",untuk login pakai verifikasi nomer ribet nomernya aktif daftar pakai verifikasi menurut cara login tinggal msukan nomer terkait ovo terus masukkan pin mudah penggunanya lupa ceroboh,-1
"Ini ovo kenapa si kok error' kok harus login ulang udah gitu ga bisa2 terjadi kesalah terus , tolong lah pihak ovo ini gimana , emang ga banyak saldonya tapi lumayan buat makan seminggu itu , tolong lah ini parah dahh ah",ovo error login ulang terjadi kesalah terus pihak ovo saldonya lumayan makan seminggu parah dah ah,1
"Aku logout akun, login lagi susah dapet no verifikasi nya, kenapa si kayak gitu? Sampe sekarang gabisa login Merepotkan banget lo ğŸ˜‘",logout akun login susah no verifikasi tidak bisa login merepotkan banget,-1
Kok susah sekali yah buat login/masuk ? Saya udah coba berkali-kali tapi tetap tidak dapat kode verif nya ada apa dengan aplikasi ini tolong dibenarkan ya !,susah ya login masuk coba berkali kali tetap kode verif aplikasi dibenarkan,-1
"Sudah ada saldo di dalam akun Ovo ,tpi entah kenapa ke sign out sndri ,pas coba masuk dgn no yg sama kode nya gada di kirim , no yg di daftarkan masih sama ,masih aktif tpi kode gak ada masuk ke SMS buat verifikasi",saldo akun ovo tidak tahu sign out pas coba masuk no kode tidak ada kirim no daftarkan aktif kode masuk sms verifikasi,-1
"Tolong dibantu, saya login gagal mulu keterangannya ""terjadi kesalahan"".. ; uninstall sampe install lagi tetep gak bisa login... payah!!",dibantu login gagal terus keterangannya terjadi kesalahan uninstall install tetap login payah,-1
"Aplikasi yg sangat membahayan bagi penggunanya,untung belum aku tranfer saldo nya, masa masuk bisa salah pin nya jelas jelas aku hafal dengan pin nya.mending aku copot aja lah !!!!( masukin pin selalu salah) ,",aplikasi membahayan penggunanya untung tranfer saldo masa masuk salah pin jelas jelas hafal pin lebih baik copot masukkan pin salah,-1
"Miris sekali banyak yg disalah gunakan untuk apk ini ,contonya penipuan online cuma dgn minta no rek 16 digit pada kartu tanpa memasukan pin otomatis saldo nya berada di atm tersebut terkuras abis oleh oknum yg tidak bertanggung jawab ,tolong ditindak lanjuti trima kasih",miris disalah gunakan untuk aplikasi contonya penipuan onlen meminta no rek digit kartu memasukan pin otomatis saldo berada atm terkuras habis oknum bertanggung jawab ditindak lanjuti terima kasih,-1
"Buruuuukkkk. Mau top up di paksa ke bca, ke menu cara lain setelah milih cuma keluar nitif akun ovo berhasil di buat dan kembali disuruh memasukkan pin lagi. Parahhh",buruk top up paksa baca menu cara memilih keluar nitif akun ovo berhasil kembali disuruh memasukkan pin parah,-1
"Saya mau tanya saldo ovo sya mash ada tpi tiba2 aplksi ovo saya kluar dn hrus msuk dri awal dgn kode verifikasi, sdngkan no yg sya gunakan sdah mati itu bgaimna",tanya saldo ovo mash tiba aplksi ovo keluar masuk awal kode verifikasi sdngkan no gunakan mati bgaimna,-1
Kenapa akun ku gak bisa di login Padahal masih ada saldo nya Kode salah terus padahal belom d ganti2 Dan ketika mau ganti pin tetap aja gak bisa Tolong dong min gimana saldo saya ğŸ™,akun ku login saldo kode salah terus ganti ganti pin tetap min saldo,-1
"Ovi gak jelas,,masa saya baru download dan saya penguna baru udh di suruh masukin kode sekuryti padahal kan saya baru download,, mending pakai dana aja lebih enak dari pada ovo gak jelas",ovi jelas masa download penguna udah suruh masukkan kode sekuryti download lebih baik pakai dana enak ovo jelas,-1
"Ovo saya premier........kenapa akun saya di blok padahal kode security nya bener tapi tetep gak misa masuk udah nunggu 7 hari masih aja gak bisa di buka, saldo masih lumayan banyak juga",ovo premier akun blok kode security benar tetap misa masuk menunggu saldo lumayan,1
"Hai admin,, berkali-kali mencoba masuk ke aplikasi tidak bisa. Dan harus log in dengan nomor hp, tapi tidak ada sms masuk untuk kode verifikasi... Terus gimana mau log in coba...",hai admin berkali kali mencoba masuk aplikasi log nomor handphone sms masuk untuk kode verifikasi terus log coba,-1
"Kok setelah verifikasi kode malah di suruh update google play services ya, padahal google play services verti terbaru tapi tetap di suruh update google play service terus, mohon bantuanya",verifikasi kode suruh update google play services google play services verti terbaru tetap suruh update google play service terus bantuanya,-1
"Sudah di instal tapi ko gak bisa daftar,sudah daftar pake no hp tapi kode verifikasi nya enggak muncul,malah bikin pusing,mending unisntal,",instal daftar daftar pakai no handphone kode verifikasi muncul pusing lebih baik unisntal,-1
"Sakit nih aplikasi, mau login malah nongol notif sambungan Internet terputus lah jelas2 data gw udh aktiv, jaringan juga stabil buat buka apk lain aja bisa tpi buat login nih aplikasi malah terputus Internet nya.",sakit aplikasi login nongol notif sambungan internet terputus jelas data udah aktiv jaringan stabil aplikasi login aplikasi terputus internet,-1
Ini kenapa sering banget keluar sendiri sih & pake login lagi segala? Jadi ribet bgt klo lagi pengen buru2 melakukan transaksi pembayaran...,banget keluar pakai login jadi ribet banget buru melakukan transaksi pembayaran,-1
Aplikasi gak jelas...mau masuk aja susah banget...mau ganti kode security juga susah banget..padahal koneksi bagus....uninstall aja lahhhhh.,aplikasi jelas masuk susah banget ganti kode security susah banget koneksi bagus uninstall,-1
"Ovo skrng tidak seperti dulu kode masukan sama imail sama paswot sama updet aplikasi sudah hapus sampah sudah semua sudah dilakukan tapi tetep saya login tidak bisa tlp center sudah 20 x jawaban sama tidak ada solusi padahal akunku sudah seminggu masuk sudah bisa pagi sudah tidak bisa Mohon tidak lanjuti,",ovo kode masukan imail paswot updet aplikasi hapus sampah dilakukan tetap login telepon center jawaban solusi akunku seminggu masuk pagi lanjuti,-1
"sy mengganti no hp baru karena no hp lama hilang.... setelah login pake no hp baru saldo sebelumnya hilang, ovo sangat mengecewakan!!!!",mengganti no handphone no handphone hilang login pakai no handphone saldo hilang ovo mengecewakan,-1
"Aplikasi paraahhhh Payahh Masa lupa kode security gak bs di atur ulang,pdahal no yg dgunakan msih aktif,, pdahal saldo msih ada,skrang akun saya diblokir sementara,tggu 2 jam..tlg bertanggung jwb",aplikasi parah payah masa lupa kode security atur ulang no dgunakan aktif saldo akun diblokir tunggu jam bertanggung jawab,-1
"Saya atas nama sunanto pengguna ovo Dari tahun kemarin Kenapa pas saya pengen top up mau login susah padahal biasa nya pake sidik jari terus ga pake sidik jari pake nya kode, kode nya juga sama kayak seperti biasa nya tapi ko ga bisa login katanya salah Saya daftar lagi malah di blokir kenapa ya Tolong di perbaiki lah",atas nama sunanto pengguna ovo tahun kemarin pas top up login susah pakai sidik jari terus pakai sidik jari pakai kode kode login katanya salah daftar blokir perbaiki,-1
Saya baru saja top up ovo lebih dari 1jta tapi kenapa tiba tiba saya gak bisa log in ke akun ovo saya dengan alasan salah kode log in?apa apaan ini,top up ovo jta tiba tiba log akun ovo alasan salah kode log,-1
"Halo kak ini kenapa ya hari ini ovo nya gak bisa masuk padahal security kode nya udah benar, soalnya bukan satu akun saja tapi udah 3 akun sama sama nggak bisa nya?",halo kak ovo masuk security kode benar soalnya satu akun akun,-1
Mohon bantuannya saya mau SIG on sdh masukkn nomor hp kok kode verifikasi gak muncul di SMS no hp saya ğŸ™ saya coba uninstall lalu install lagi coba masukkan nomor hp kok malah terblokir akun saya ğŸ˜­,bantuannya sig on masukkn nomor handphone kode verifikasi muncul sms no handphone coba uninstall install coba masukkan nomor handphone terblokir akun,-1
"Sebenarnya bagus ,tapi karna kemarin update jd harus ngulang login lg mana pas masukin nomor hp ternyata 3 nomor blakang kebalik ..,pas mau masukin kode verifikasi eh akun terblokir..mana nomor hp cuma satu mau beli kartu lg jauh konternyağŸ˜¢ğŸ˜ğŸ˜ğŸ˜",bagus kemarin update jadi mengulang login pas masukkan nomor handphone ternyata nomor blakang kebalik pas masukkan kode verifikasi eh akun terblokir nomor handphone satu beli kartu jauh konternya,-1
"Payah bnget nih aplikasi low respon,taranfer gak bisa ,alesanya demi ke amankan akun, trus untuk apa adanya fingerprint ada kode akses ,bukanya itu udh ke amankan akun Dasar pembodohanğŸ˜¡ğŸ˜¡",payah banget aplikasi respon taranfer alesanya amankan akun terus untuk fingerprint kode akses bukanya udah amankan akun dasar pembodohan,-1
"Aduh koq eror sih ovo nya, mw masuk pake sidik jari tiba"" ga bisa, pake pin jg aneh ga bisa.. aduh mana udh masukin saldo, tolong donk di respon nih",aduh eror ovo now watching masuk pakai sidik jari tiba pakai pin aneh aduh udah masukkan saldo respon,-1
Ovo kenapa sekarang jadi jelek gini si suruh di upgrade udah di upgrade malah gak bisa masuk suruh masukin kode security malah gak bisa terus parah banget,ovo jadi jelek suruh upgrade upgrade masuk suruh masukkan kode security terus parah banget,-1
Udah unduh aplikasi inj udah daftar udh top up gilirran mau buka lagi mau tf gk bisa kode nya salah gmn si ğŸ¤¦,unduh aplikasi inj daftar udah top up gilirran tf gak kode salah gimana,-1
"Ovo banyak banget masalah nya transfer gagal lah, login gabisa lah ini yg saya alamin login gabisa masuk gatau kenapa maintenance atau gimana Saldo masih ada padahal ya allah",ovo banget masalah transfer gagal login tidak bisa alamin login tidak bisa masuk enggak tau maintenance saldo allah,-1
"Ya ampun bener""ngecewain gak sih !!! Aku udh top up . Mau bayar""jadi susah. Masak pin udh bener salah trs !!!!!",ampun benar ngecewain udah top up bayar jadi susah masak pin udah benar salah terus,-1
Tiba2... Pas mau login suruh masukin no hp akun.. tapi terjadi kesalahan terus.. padahal nomernya sudah bener.. napa ya..!?,tiba pas login suruh masukkan no handphone akun terjadi kesalahan terus nomernya benar,-1
"Aplikasi paling mengecewakan,, Masak minta otp gak masuk masuk Padahl mau login ke akun lain malah gak bisa2.... Giliran ada otp dsuruh cek smsnya. parah.........",aplikasi mengecewakan masak meminta otp masuk masuk login akun giliran otp dsuruh cek smsnya parah,-1
"Kok akhir akhir ini saya gagal login yah padahal security code udah benar, udh saya coba uninstal dan saya instal tetapi tetap ga bisa, tolong diperbaikiğŸ™ğŸ¼ğŸ™ğŸ¼",akhir akhir gagal login ya security code benar udah coba uninstal instal tetap diperbaiki,-1
"Baru login akun di blokir aneh ya,minta otp lama banget sekalinya login di blok kocakk",login akun blokir aneh meminta otp banget sekalinya login blok kocakk,-1
Woyyy saya mau masuk bukan dikirim kode otp malah pemberitahuan email yang tidak penting ada perangkat yg mau masuk ke ovo anda. Itu saya nomor terpasang di HP ribet bgt sihh,woy masuk dikirim kode otp pemberitahuan email penting perangkat masuk ovo nomor terpasang handphone ribet banget,-1
Tolong buat memverivikasi sms minta kode buat masuk nya jangan di perlambat gini .kecewa banget ya dari kemarin saya mau masuk akun gak di kasih2 kode verivikasinya..parah,memverivikasi sms meminta kode masuk perlambat kecewa banget kemarin masuk akun kode verivikasinya parah,-1
"Aku masukin pin dah benar ttp aja salah,, aku coba ukang dr awal buat pin baru berkali-kali ttp ja salah lagiii gimanasih bikin pusing aja.. mau uninstall masih ada saldo akuuuu.. ngeselin bgt siiih gimanas nih",masukkan pin benar tetap salah coba ukang awal pin berkali kali tetap salah gimanasih pusing uninstall saldo mengesalkan banget gimanas,-1
"Kok kode Verifikasi gk muncul""kanapa yah, padahal akun google saya udah di verifikasi dan buat akun gogle baru tetep saja gk bisa",kode verifikasi gak muncul ya akun google verifikasi akun gogle tetap gak,-1
Parah sihh ini kok salah server terus yahh akun saya ngga bisa kebuka padahal pin nya udah bener.. no hp saya yang terdaftar aja ngga bisa di buka lagi,parah salah server terus ya akun kebuka pin benar no handphone terdaftar,-1
"Ini kenapa aku belum daftarkan email sama belum bikin security kodenya , kokk langsung muncul masukan security kode nya padahal aku baru masukin no tlpn ku aja!",daftarkan email security kodenya kokk langsung muncul masukan security kode masukkan no telepon ku,-1
"Kenapa sering bgt eror buat login,, Padahal udh pke kode pin pake finger tpi msh sring gagal,, Dan ini udah ke 5x nya aku install ulang,,",banget eror login udah pakai kode pin pakai finger sring gagal install ulang,-1
kenapa ovo saya tidak bisa digunakan mau isi token aja susah bulak/i masukan kode apa lagi eror ato gimana nih pelayanan nya tolong benerin lah,ovo digunakan isi token susah bulak masukan kode eror pelayanan benerin,-1
hai ovo kenapa saya tidak bisa masuk akun saya?? kode keamanan selalu salah.. saya coba ganti kode keamanan dengan cara klik lupa kode malah akun saya ke blokir ğŸ™„ğŸ¥±,hai ovo masuk akun kode keamanan salah coba ganti kode keamanan cara klik lupa kode akun blokir,-1
Tadinya saya lebih sering transfer pake ovo tapi sekarang jadi ragu karena kmaren saya bli token listrik dua hari blm masuk kode Strom nya padahal listrik saya udah mau mati,transfer pakai ovo jadi ragu kemarin beli token listrik dua masuk kode strom listrik mati,-1
"kenapa saya gabisa login ke akun saya??? pdhl nomer telfon nya sudah bener, kode nya sudah bener tp kenapa gabisa",tidak bisa login akun nomer telfon benar kode benar tidak bisa,-1
"Aplikasi ancrit ini kita ubah nomer hp sj ribet banget ,sdh dirubah lewat aplikasi masih disuruh tlp cs sampek habis 30rb plsa sy telp cs,& belum bisa login lg di nomer baru ...kecewa sy males dah pake OVO logout sj...",aplikasi ancrit ubah nomer handphone ribet banget dirubah lewat aplikasi disuruh telepon cs habis ribu pulsa telepon cs login nomer kecewa malas pakai ovo logout,-1
"Tolong perbaiki untuk login ke lazada melalui ovo tidak bisa dilakukan, karena angka 0 pada no telp tidak ada, jadi no telp tidak dikenali, terima kasih",perbaiki untuk login lazada ovo dilakukan angka no telepon jadi no telepon dikenali terima,1
Apk kok gini? Verifikasi no hp aja ribet nya masyaAllah. Ga masuk2 kode nya pdhl no sudah betul. Tlg diperbaiki lagi ya pihak ovo,aplikasi verifikasi no handphone ribet masyaallah masuk kode no betul diperbaiki pihak ovo,-1
Bingung ga ovo bikin lier nyao teu ngasih kode 7 digit yg tapi yg di isi harus 6 digit lier kali ya saya coba terus jadi nya gak bisa alhasil ke blokir terus ayo dong ovo perbaiki lagi saya jadi gak bisa masuk,bingung ovo lier nyao teu memberikan kode digit isi digit lier kali coba terus jadi alhasil blokir terus ayo ovo perbaiki jadi masuk,-1
Habis update malah ngak bisa login Waktu masukin no HP.... Katanya terjadi kesalahan No HP juga ngk pernah ganti Apalagi sandi.. Tolong lah diperbaiki lagi,habis update nggak login waktu masukkan no handphone katanya terjadi kesalahan no handphone ganti sandi diperbaiki,-1
"Hallo min saya mau tanya akun saya baru aja ke blokir karena saya salah masukan kode security, kira2 akun saya bisa balik gak yah?",halo min tanya akun blokir salah masukan kode security kira akun balik ya,-1
"Ampas lah, gak bisa login suruh update Google service padahal udah terbaru. Semua cara udah di lakuin. Apk SAMPAH",ampas login suruh update google service terbaru cara melakukan aplikasi sampah,-1
Kalo akun kita keblokir karna lupa pin gimana? Harus nya kirim kode rahasia lewat sms kita kalo lupa pun lalu bisa kita ganti kaya google.,akun keblokir lupa pin kirim kode rahasia lewat sms lupa ganti kayak google,-1
"Saya mau login ke ovo setelah saya update, tapi pas mau masukin kode verifikasi nya kenapa sms nya gak masuk masuk ya padahal nomor saya masih aktif loh. Tolong dibantu",login ovo update pas masukkan kode verifikasi sms masuk masuk nomor aktif loh dibantu,-1
Lagi tumben tumben nya ini ovo saya mau belajar di tokopedia pembayaran ovo kenapah gara gara salah masuk kode security eh malah ga bisa login lagi udah gitu malah di blokir benerÂ² parah ini ovo Sangat kecewa ovo saya ada 100rb ğŸ¥ºğŸ˜­ğŸ˜­,tumben tumben ovo belajar tokopedia pembayaran ovo kenapah gara gara salah masuk kode security eh login blokir benar parah ovo kecewa ovo ribu,-1
Untuk bantuan lewat w.a jangan TLP pulsa. habiskan pulsa.. bllua ada update tlng ada notifikasi. Sebab lupa/blm upgrade masukan pin malah terblokir,untuk bantuan lewat telepon pulsa habiskan pulsa bllua update tlng notifikasi lupa upgrade masukan pin terblokir,-1
"Tidak bisa masuk aplikasi,minta masukan no hp,kode otp tidak masuk2.saldo saya banyak di ovo.merugikan",masuk aplikasi meminta masukan no handphone kode otp masuk saldo ovo merugikan,-1
"Masa gk bisa tranfer saya coba ke rek BCA, pas mau tranfer masukin kode security berulang terus, padahal ada saldo cash nya, apk apa ini...sue",masa gak tranfer coba rek baca pas tranfer masukkan kode security berulang terus saldo cash aplikasi sue,-1
"Ini kenapa ovo tiba tiba keluar pas login gak bisa ,, terjadi kesalahan teruss .. SALDO W WOY sengaja mau nyimpen dsini malah kya ginii .. tolong dong ini pihak ovo diperbaiki segera kalo ampe gak bisa masuk lagi gmna nasib saldo w nangiss darah w mah sumpah ..",ovo tiba tiba keluar pas login terjadi kesalahan terus saldo woy sengaja menyimpan kaya pihak ovo diperbaiki masuk gimana nasib saldo nangi darah mah sumpah,-1
"Gak bisa kebuka dih maksud jasa... Sinyal aman padahal, muter"" mulu load nya, udah masukin pin yang bener padahal. Maksud dih anying",kebuka dih maksud jasa sinyal aman muter terus load masukkan pin benar maksud dih anying,1
"Di apk akun saya log out, pas mau login email, kok bisa2nya email sudah d pakai, nyesel make ini apk",aplikasi akun log out pas login email email pakai menyesal memakai aplikasi,-1
knapa akun saya tiba2 gk bisa login padahal kata sandi benar. malahsandi salah dari mana.. lol,knapa akun tiba gak login kata sandi benar malahsandi salah tertawa,-1
"Ka minta bantuannya, ovo sya terblokir trus sudah meminta verifikasi ke email tpi saat mengulang kembali kode tetap aja tidak bisa masuk. Mohon bantuannya",kakak meminta bantuannya ovo terblokir terus meminta verifikasi email mengulang kembali kode tetap masuk bantuannya,-1
Sangat kecewa sama aplikasi ovo karena kode acurrity lagi eror terus padahal code Scurity sudah benar tapi tetap saja salah âœï¸ğŸ˜‘ğŸ¤³,kecewa aplikasi ovo kode acurrity eror terus code scurity benar tetap salah,-1
"Sumpah emosi banget gabisa login padahal google play service slalu di perbarui tapi tetap gabisa login, aplikasi jelek",sumpah emosi banget tidak bisa login google play service perbarui tetap tidak bisa login aplikasi jelek,-1
hari ini 08 mei 21 tiba tiba akun udah logout.. pas login maaf tidak dapat di proses.. apaa coba maksud nya,mei tiba tiba akun logout pas login maaf proses coba maksud,-1
balekkan ovo saya. masa saya isi token listrik sampai sekaranf gak di kirim kirim kode token saya. saya gak terima.,balekkan ovo masa isi token listrik sekaranf kirim kirim kode token terima,-1
"Saya downlod ovo tiba"" gak bisa masuk..padahal security kode nya sama..gimana ini pihak ovo...kejelasan nya..jngn bls automatis replay bls nya",downlod ovo tiba masuk security kode pihak ovo kejelasan balas automatis replay balas,-1
Kode verifikasi salah padahal bener. Rubah kode sama aja salah terus . Penipu gua laporin saldo ngendap di apk,kode verifikasi salah benar rubah kode salah terus penipu laporin saldo ngendap aplikasi,-1
"gabisa login otomatis lg mohon diperbaiki,msh ada dana sedikit di apk ini,lg butuh tpi gabisa login hemm padahal nomer udh bener segala macem. udh parah ni apk lama",tidak bisa login otomatis diperbaiki dana aplikasi butuh tidak bisa login hemm nomer udah benar udah parah aplikasi,-1
"payah daftar aja dipersulit, kode gak dikirim kirim. giliran udh dikirim malah disuruh dri awal lagi trus gabisa.",payah daftar dipersulit kode dikirim kirim giliran udah dikirim disuruh awal terus tidak bisa,-1
Bikin kecewa pengguna tiap tf pin selalu gagal gk akan laku klo gini pelayanannya ğŸ‘kendala di no 1 kan urusan pengguna 0 besar payah beda sama yg sebelah tuh cepet transaksi apapun ğŸ˜‚,kecewa pengguna tf pin gagal gak laku pelayanannya kendala no urusan pengguna besar payah beda sebelah cepat transaksi apapun,-1
Kenpa ya susah sekli masuk ke aplikasi ovo padahal cuma masukin pin aja. Sehari aja udaj diblokir.. Toling diperbaiki sistemnya jangan bikin rumit.,kenpa susah sekli masuk aplikasi ovo masukkan pin sehari udaj diblokir toling diperbaiki sistemnya rumit,-1
Semakin jelek pelayanan nya tiba2 gak bisa login masuk akun krn eror... Tolong di perbaiki saya mau tarik saldo dr ovo,jelek pelayanan tiba login masuk akun eror perbaiki tarik saldo ovo,-1
Burukk.... Udah coba masuk kode verifikasi gak muncul Setelah di coba berulang akun di blokir Terburukkkkk....ğŸ˜¡ğŸ˜¡ğŸ˜¡,burukk coba masuk kode verifikasi muncul coba berulang akun blokir terburuk,-1
"Baru top up 200rb lewat mbanking pas buka apk ovo gk bisa, harus login lagi dan terjadi kesalahan? PARAAAAAH",top up ribu lewat mbanking pas aplikasi ovo gak login terjadi kesalahan parah,1
"kode otp ga muncul2, banyak potongan admin juga, udh dipotong di bank, saldo ovo yg masuk jg berkurang",kode otp muncul potongan admin udah dipotong bank saldo ovo masuk berkurang,-1
Mempersulit untuk top up di proses nya lama kena tipu lagi kode nya gak masuk masuk uang nya hilang asu asu,mempersulit untuk top up proses kena tipu kode masuk masuk uang hilang asu asu,-1
Kenapa saya diblokir padahal kode scuriti saya bnr. Saya pembayaran kuota melalui ovo diyatakan sukses apa tidak pas mau masuk ovo knpa diblok akun saya.,diblokir kode scuriti benar pembayaran kuota ovo diyatakan sukses pas masuk ovo diblok akun,-1
Knapa kode frvikasi g masuk trus padahal sudah d isi dngn lngkap. Hmmm gmna gtu rasa y. Saya kasih bintang 1 dl kl bagus kasih tambah 4 bntng,knapa kode frvikasi masuk terus isi lngkap hm gimana gitu rasa bintang kalo bagus tambah bntng,-1
Apk eror ga bisa login terus pas mau masukin sandi ngulang ngulang tolong di perbaiki dan ditingkatkan lagi,aplikasi eror login terus pas masukkan sandi mengulang mengulang perbaiki ditingkatkan,-1
Mau login kode verifikasi nya ga ada terus kena blokir lagi mantap dah dah bintang 1 cukup saya rasa buat OVO,login kode verifikasi terus kena blokir mantap bintang cukup rasa ovo,1
"Ni apk ovo saya kok gk bisa login ya, udah pke sidik jari sama pke password tpi tetep gk bisa, bikin password ulang jga sama aja",aplikasi ovo gak login pakai sidik jari pakai word tetap gak word ulang,-1
Masukin kode aj sama yg d ketik gx samağŸ‘yg di ketik 6 digit angka semua.yg di kirim sms angka sama huruf.. Gx nyambung,masukkan kode aja ketik ketik digit angka kirim sms angka huruf menyambung,-1
ovo nya error terus...pk sidik jari salah pake pin salah padahal udah bener..tolong diperbaiki,ovo error terus penjahat kelamin sidik jari salah pakai pin salah benar diperbaiki,-1
Apk nya ribet sekarang Mau masuk aja gak bisa Uang aku juga masih ada di apk ini Suruh minta kode gak di kirim Malah di kirim in link Saya nyesal pakae ovo,aplikasi ribet masuk uang aplikasi suruh meminta kode kirim kirim link nyesal pakae ovo,-1
Kenapa saya ga bisa login masuk no ovo aja ga bisa terus kesalahan jaringan maksdnya apa prg saya daftar ovo dah lama kecewa saya,login masuk no ovo terus kesalahan jaringan maksdnya pergi daftar ovo kecewa,-1
Ini knpa jd ribe gni sh ovo tuh.bntr2 update.bntr2 hrs login lg.mna dkrim kode otp ny ga lgsg msuk.dlu prasaan enak.sekarang jd ngrasa kurang nyaman pke nya,jadi ribe sh ovo bentar update bentar login dkrim kode otp langsung masuk perasaan enak jadi ngrasa kurang nyaman pakai,-1
knpa ya pas udah login paswod jadi ga bisa masuk ke akun saya tdinya mau top up.bantuannya min saya udh lma pake ovo tpi skrng jdi gini ya,pas login paswod jadi masuk akun tdinya top up bantuannya min udah pakai ovo jadi,-1
Woy knp g bisa di buka ovo aqw hbs di perbarui kok gini login ulang jga g bisa Udh top up saldo lgi g bisa di buka,woy ovo aqw habis perbarui login ulang udah top up saldo,-1
Ovo saya kenapa keblok ya Uang saya ada di situ semua Gimana ini cara ngembaliinnya Kualitasnya ko jelek begini sih Masa kode yang saya masukan salah trs,ovo keblok uang situ cara ngembaliinnya kualitasnya jelek masa kode masukan salah terus,-1
"Setelah updet ovo gua error ya gak bisa login mana mau transaksi, Gara-gara ovo malu gua mana kaga pegang cash lagi",updet ovo error login transaksi gara gara ovo malu pegang cash,-1
Tolong di tiadakan login pakai verifikasi sms.kalu salah 3 kali masukan pin baru verifikasi sms.,tiadakan login pakai verifikasi sms salah kali masukan pin verifikasi sms,-1
Halo kak aku pangguna baru ovo aku dah masukin nomor ku tinggal kode verivikasi kok kode nya belum dikirim,halo kak pangguna ovo masukkan nomor ku tinggal kode verivikasi kode dikirim,-1
"Dikit2 login ulang ribet banget, mana nmr udh hangus, harus tlp cs. Ngluarin pulsa lagi",dikit login ulang ribet banget nomor udah hangus telepon cs ngluarin pulsa,-1
Ini knp ovo saya kok tau2 sig out pas login ga bs terima sma.. gagal lg.. gagal ky..kirim ulang begitu jg ntar takut nya ujung2 nya di blok lgi,ovo tahu sig out pas login terima gagal gagal kirim ulang takut blok,-1
"Kenapa saya gk login apk ovo ini,udh masukin email harus verifikasi Tapi gk masuk apk nya tidak memadai",gak login aplikasi ovo udah masukkan email verifikasi gak masuk aplikasi memadai,-1
Woy ahh kacau .. Mau login sms verifikasi gk nongol njim babi .. Akhir nya malah kena blok .. Mana cs pengaduan ny ngentottt,woy ah kacau login sms verifikasi gak nongol njim babi akhir kena blok cs pengaduan ngentot,-1
Kecewa klo kayak gini.kode security udah bener.tpi GK bisa kebuka.giliran lupa kode security invalid parameter.maksudanya apa ini.klo kayak gini bikin kecewa..,kecewa kode security benar gak kebuka giliran lupa kode security invalid parameter maksudanya kecewa,-1
Ka gimana ya ovo sya ga bsa login lgi Krna ni sya masa aktf.a udah abis katru XL.a Dan saya cuma pke WiFi Trus ada saldo 50rb dr prakerja Gimana sya mau ambil uang.a ya ...,kakak ovo login masa aktf habis katru xl pakai wifi terus saldo ribu prakerja ambil uang,-1
Uang saya kok gk bisa di tarik masukin kode kok slh trs aneh padahal udh benar kode nya gmna dong sangat mengecewa kn,uang gak tarik masukkan kode salah terus aneh udah benar kode gimana mengecewa,-1
ovo yang benar dah. dikit dikit akun di blokir.. capek ganti pin mulu tau,ovo benar dikit dikit akun blokir cape ganti pin terus tahu,-1
Guwe bakalan kasih ranting asal bisa login kembali Jadilah aplikasi yang berguna balikin saldo guwe . Jngan jd pencuri,guwe ranting asal login kembali jadilah aplikasi berguna balikin saldo guwe jadi pencuri,-1
"Hrs masukin kode secu tiap buka aplikasi, curigaan banget, mending kasih sensor kalo bedatangan baru ada kode securnya, ngrepoti aja kayak telekomsel",masukkan kode secu aplikasi curigaan banget lebih baik sensor bedatangan kode securnya ngrepoti telekomsel,-1
pihak ovo nomer saya ini baru kok dipakek aktivasi...masukakan kode yg saya masuk kan kok salah pdahal baru id cart nya aja baru,pihak ovo nomer dipakek aktivasi masukakan kode masuk salah id canya,-1
"Saldo gua coyyyyyyyyyyyyyy gara"" kepencet ganti akun trus mau masuk kode verivikasi gak masuk aplikasi gajelassssssssss.",saldo coy gara kepencet ganti akun terus masuk kode verivikasi masuk aplikasi enggak jelas,-1
