,raw,processed,labels
0,ganti nomer akun dana no hilang email whatsapp tanggapan payah dana,ganti nomer akun no hilang email whatsapp tanggapan payah,-1
1,ketahuan pakai teman pakai dana susah banget tarik tunai tarik tunai alfa dan lain-lain alesan tidak bisa tarik tunai,ketahuan pakai teman pakai susah banget tarik tunai tarik tunai alfa dan lain-lain alesan tidak bisa tarik tunai,-1
2,aneh verifikasi ktp katanya ktp palsu sim palsu ktp palsu sim atm baca atm bri dan lain-lain jelas aplikasi ktp dinas dukcapil sembarangan mengatai ktp palsu,aneh verifikasi ktp katanya ktp palsu sim palsu ktp palsu sim atm baca atm bri dan lain-lain jelas ktp dinas dukcapil sembarangan mengatai ktp palsu,-1
3,kirim request proses konfirm masuk pihak dana saldo potong coba tlfn pihak dana respon njing email slow respon kepastian asww,kirim request proses konfirm masuk pihak saldo potong coba tlfn pihak respon njing email slow respon kepastian asww,-1
4,pihak ovo jam mengisi pulsa pelanggan masuk gagal terkirim layanan kurang memuaskan ovo,pihak jam mengisi pulsa pelanggan masuk gagal terkirim layanan kurang memuaskan,-1
5,customer service sibuk terus dijawab jawab niat emosi lewat email whatsapp kayak anjing,customer service sibuk terus dijawab jawab niat emosi lewat email whatsapp kayak anjing,-1
6,suka banget aplikasi linkaja benar gampang banget digunakan bayar listrik gojek grabfood aplikasi pertama kali pakai wallet banget mencoba pakai linkaja,suka banget benar gampang banget digunakan bayar listrik gojek grabfood pertama kali pakai wallet banget mencoba pakai,1
7,bagus dompet digital berguna dompet digital all one pembayaran satu dompet linkaja jadi jauh praktis,bagus dompet digital berguna dompet digital all one pembayaran satu dompet jadi jauh praktis,1
8,link dibuka top up saldo hapus install ulang kali restahandphone penjelasan,link dibuka top up saldo hapus install ulang kali restahandphone penjelasan,-1
9,maaf nomor ditolak melakukan kesalahan diperbaiki gimana kak suka banget linkaja tiba tiba,maaf nomor ditolak melakukan kesalahan diperbaiki gimana kak suka banget tiba tiba,-1
10,kecewa bagus dana parah banget respons telpon call centre penuh terus suruh ngontek watsap watsap robot top up saldo bertambah email brkali terlambat respons hati tunggu saldo pulsa habis telpon call centre alhmdulillah saldo udah masuk pantau terus email harian moga terjadi,kecewa bagus parah banget respons telpon call centre penuh terus suruh ngontek watsap watsap robot top up saldo bertambah email brkali terlambat respons hati tunggu saldo pulsa habis telpon call centre alhmdulillah saldo udah masuk pantau terus email harian moga terjadi,-1
11,pakai aplikasinya sim nomor handphone terdaftar baca posisi sim posisi sim nomor terdaftar sim pakai aplikasi baca mobile masalah hm aplikasi aneh tambah canggih tambah mundur,pakai aplikasinya sim nomor handphone terdaftar baca posisi sim posisi sim nomor terdaftar sim pakai baca mobile masalah hm aneh tambah canggih tambah mundur,-1
12,aplikasi amazing kebutuhanku berbau uang jadi simple beli pulsa waktu malas pergi keluar rumah disuruh ibu beli token pulsa jadi ribet tinggal link link berangkat kerja motor tinggal nge gojek klik link kantor makan siang bawa bekel tinggal ngegrab food pakai link bapak servis handphone beli sparepacu klik link pembayarannya,amazing kebutuhanku berbau uang jadi simple beli pulsa waktu malas pergi keluar rumah disuruh ibu beli token pulsa jadi ribet tinggal link link berangkat kerja motor tinggal nge gojek klik link kantor makan siang bawa bekel tinggal ngegrab food pakai link bapak servis handphone beli sparepacu klik link pembayarannya,1
13,ya aplikasi untuk transaksi pengiriman uang email link jawaban tanggapi pakai transaksi nyata perbaiki terimah,ya untuk transaksi pengiriman uang email link jawaban tanggapi pakai transaksi nyata perbaiki terimah,-1
14,pas tampil maaf ponsel melakukan registrasi sakuku hubungi bank baca perbaiki,pas tampil maaf ponsel melakukan registrasi hubungi bank baca perbaiki,-1
15,pertama kali gagal memuat niat nggak aplikasi masak gangguan terus nggak,pertama kali gagal memuat niat nggak masak gangguan terus nggak,-1
16,semalem isi pulsa coba kirim uang upgrade dana premium upgrade dana premium loading banget gagal kayak perbaiki servernya orang kecewa jadinya,semalem isi pulsa coba kirim uang upgrade premium upgrade premium loading banget gagal kayak perbaiki servernya orang kecewa jadinya,-1
17,membantu menguntungkan transaksi saldo kapotong masuk menghubungi mail saldo dipulangin pokoknya linkaja top,membantu menguntungkan transaksi saldo kapotong masuk menghubungi mail saldo dipulangin pokoknya top,1
18,link membuat urusan jadi mudah transfer bayar listrik bayar pdam isi pulsa dsb,link membuat urusan jadi mudah transfer bayar listrik bayar pdam isi pulsa dsb,1
19,pengguna penjelasannya kurang tahu paham kegunaan aplikasi bantuain penjelasannya terima kasih,pengguna penjelasannya kurang tahu paham kegunaan bantuain penjelasannya terima kasih,1
20,aplikasi nanggung banget login pingerprint untuk bayar topup indomaret alfamat topup jenius gagal tf baca virtual menu lengkap pas an aduh nangung banget app sekelas baca plis membenahi,nanggung banget login pingerprint untuk bayar topup indomaret alfamat topup jenius gagal tf baca virtual menu lengkap pas an aduh nangung banget app sekelas baca plis membenahi,-1
21,tanya masukkan uang dana pelajar ktp bingungnya minggu duit hangus jadi perak,tanya masukkan uang pelajar ktp bingungnya minggu duit hangus jadi perak,-1
22,parah parah aplikasi ovo masaa satu minggu sistem sibuk melulu transfer,parah parah masaa satu minggu sistem sibuk melulu transfer,-1
23,sms daftar install aplikasi kuota data gb daftar bayar pakai sms registrasi terus tahu fungsinya pastikan rugi kuota download buang buang pulsa registrasi urusan uang penting kalah permainan onlen jalan memaksakan rugi konsumen bos ku,sms daftar install kuota data gb daftar bayar pakai sms registrasi terus tahu fungsinya pastikan rugi kuota download buang buang pulsa registrasi urusan uang penting kalah permainan onlen jalan memaksakan rugi konsumen bos ku,-1
24,update full servis tanggapan pihak linkaja tercantup linkaja kali jam iniudah kali jam respon disitu mengecewakan,update full servis tanggapan pihak tercantup kali jam iniudah kali jam respon disitu mengecewakan,-1
25,kembalikan saldo dana tanggal agustus jam pagi beli pulsa riwayat transaksi tertulis kadaluarsa saldo dikembalikan,kembalikan saldo tanggal agustus jam pagi beli pulsa riwayat transaksi tertulis kadaluarsa saldo dikembalikan,-1
26,akhir jadi susah login blsn sms dproses dcb kmudian instal ulang,akhir jadi susah login blsn sms dproses dcb kmudian instal ulang,-1
27,aplikasi bagus banget membantu keperluan mendadak transfer mudah ribet cepat pulsa listrik habis pokok keren banget,bagus banget membantu keperluan mendadak transfer mudah ribet cepat pulsa listrik habis pokok keren banget,1
28,aplikasi sebelah lebih baik pakai jelek lebih baik sumpah beroo harga mahal murah bayar top up cepat pakai ribet lebih baik pilih,sebelah lebih baik pakai jelek lebih baik sumpah beroo harga mahal murah bayar top up cepat pakai ribet lebih baik pilih,1
29,aplikasi lumayan membantu kali top up rekening udah kepotong gamasuk saldo link aneh rugi,lumayan membantu kali top up rekening udah kepotong gamasuk saldo link aneh rugi,-1
30,recomended untuk aplikasi aplikasi berguna banget menu memudahkan untuk transaksi transfer tarik tunai beli pulsa data asuransi bayar listrik pdam internet pembayarannya simple no ribet ribet pakai cukup scan tunjukkan token aplikasi langsung bayar melakukan transaksi menggunakan satu aplikasi pokoknya download,recomended untuk berguna banget menu memudahkan untuk transaksi transfer tarik tunai beli pulsa data asuransi bayar listrik pdam internet pembayarannya simple no ribet ribet pakai cukup scan tunjukkan token langsung bayar melakukan transaksi menggunakan satu pokoknya download,1
31,maaf bintang dana makinn lambat masa transfer menunggu jam tulisan kirim klik terus mesti hapus donload butuh waktu,maaf bintang makinn lambat masa transfer menunggu jam tulisan kirim klik terus mesti hapus donload butuh waktu,-1
32,kartu hilang masuk akun ovo veripikasi karma habis login jalan terbaik masuk akun ovo soalnya kartu hilang petunjuk,kartu hilang masuk akun veripikasi karma habis login jalan terbaik masuk akun soalnya kartu hilang petunjuk,-1
33,akun ku login saldo kode salah terus ganti ganti pin tetap min saldo,akun ku login saldo kode salah terus ganti ganti pin tetap min saldo,-1
34,berulang kali upgride premium photo ktp kurang jelas kesalahan capil mengurus ktp mampus susahnya lengkapi paspojuga kemarin sim tolonglah rumit aplikasi ktp digunakan persepsi orang buruk dana,berulang kali upgride premium photo ktp kurang jelas kesalahan capil mengurus ktp mampus susahnya lengkapi paspojuga kemarin sim tolonglah rumit ktp digunakan persepsi orang buruk,-1
35,mbak masa bulan bulan isi saldo dana banget proses top up masa masuknya tindaklanjuti,mbak masa bulan bulan isi saldo banget proses top up masa masuknya tindaklanjuti,-1
36,proses pembayaran jam bertambah limit main puas bahagia permainan menghasilkan namanya waising time terimakasih,proses pembayaran jam bertambah limit main puas bahagia permainan menghasilkan namanya waising time terimakasih,-1
37,kak cara bayar pln non tagihan listrik gak lengkapi menu mbayaran pln,kak cara bayar pln non tagihan listrik gak lengkapi menu mbayaran pln,-1
38,tanya nomor sakuku diganti nomor aktif sejumlah uang didalam diminta verifikasi nomor aktif,tanya nomor diganti nomor aktif sejumlah uang didalam diminta verifikasi nomor aktif,-1
39,aplikasi cerita suruh top up top up promo giliran top up dibatasi walah membantu tanggung,cerita suruh top up top up promo giliran top up dibatasi walah membantu tanggung,-1
40,isi saldo pertama jta baca review bulan juli kebanyakan komplain ngeri jadinya,isi saldo pertama jta baca review bulan juli kebanyakan komplain ngeri jadinya,-1
41,bintang bintang respon kurang orang masuk suruh kirim data saldo ter akhir riwayat transaksi udah masuk gimana klanjutan aplikasi atas nama candra hendarsah kecewa,bintang bintang respon kurang orang masuk suruh kirim data saldo ter akhir riwayat transaksi udah masuk gimana klanjutan atas nama candra hendarsah kecewa,-1
42,beruntung special orang ter menerima saku ku baca tanda cinta ber ragam loh,beruntung special orang ter menerima ku baca tanda cinta ber ragam loh,-1
43,aplikasi ovo digunakan untuk pembayaran kepentingan semoga bermanfaat untuk orang kepentingan pembayaran terima atas perhatiannya,digunakan untuk pembayaran kepentingan semoga bermanfaat untuk orang kepentingan pembayaran terima atas perhatiannya,1
44,top up adminnya mahal lebih baik masalah kurang kayak app dana link biaya admin ovo penghasilan app ovo kurang dijawab developer biaya admin,top up adminnya mahal lebih baik masalah kurang kayak app link biaya admin penghasilan app kurang dijawab developer biaya admin,-1
45,aplikasi ancrit ubah nomer handphone ribet banget dirubah lewat aplikasi disuruh telepon cs habis ribu pulsa telepon cs login nomer kecewa malas pakai ovo logout,ancrit ubah nomer handphone ribet banget dirubah lewat disuruh telepon cs habis ribu pulsa telepon cs login nomer kecewa malas pakai logout,-1
46,download semalam aplikasi terkunci kode pin salah salah kode pin masukkan kemarin perbaiki aplikasinya perbaiki lebih baik hapus kasihan pengguna saldo melakukan pembelian pembayaran nyangkut pihak ovo ingat cari uang susah payah mencuri keluahan tanggapi serius masalah uang sekedar aplikasi bermasalah,download semalam terkunci kode pin salah salah kode pin masukkan kemarin perbaiki aplikasinya perbaiki lebih baik hapus kasihan pengguna saldo melakukan pembelian pembayaran nyangkut pihak ingat cari uang susah payah mencuri keluahan tanggapi serius masalah uang sekedar bermasalah,-1
47,login akun kerja pusing cok wes komplain lewat ubeng ubengno marai tambah pusing jane cs iso menyelesaikan masalah pora nek raiso tutupen cok aplikasi dana merugikan orang,login akun kerja pusing cok wes komplain lewat ubeng ubengno marai tambah pusing jane cs iso menyelesaikan masalah pora nek raiso tutupen cok merugikan orang,-1
48,ya aplikasi dana error aplikasinya muncul notifikasi dana menanggapi bantuan perbaikannya,ya error aplikasinya muncul notifikasi menanggapi bantuan perbaikannya,-1
49,buset habis top up terus isi pulsa kekirim parah saldo udah kepotong pulsanya masuk mah minta tanggung jawabnya,buset habis top up terus isi pulsa kekirim parah saldo udah kepotong pulsanya masuk mah minta tanggung jawabnya,-1
50,kecewa punya saldo dana gak ambil ktp jadi pakai dokumen sim foto gagal terus,kecewa punya saldo gak ambil ktp jadi pakai dokumen sim foto gagal terus,-1
51,aplikasi dompet digital bagus alhamdulillah verifikasi akun untuk upgrade dana premium awalnya verifikasi nik terpakai kali upgrade dana premium nik kedepannya diperbaiki apl dana penggunanya nyaman,dompet digital bagus alhamdulillah verifikasi akun untuk upgrade premium awalnya verifikasi nik terpakai kali upgrade premium nik kedepannya diperbaiki apl penggunanya nyaman,1
52,benar pwnya habis masukkan pwnya muncul kata kata menghubungi customer service pas hubungi panggilan dpat lakukan maksudnya coba turunin bintangnya uninstal,benar pwnya habis masukkan pwnya muncul kata kata menghubungi customer service pas hubungi panggilan dpat lakukan maksudnya coba turunin bintangnya uninstal,-1
53,suka banget aplikasi aplikasi memudahkan untuk beli token listrik beli pulsa bayar gojek grabfood pokoknya aplikasi membantu banget deh yuk download aplikasi,suka banget memudahkan untuk beli token listrik beli pulsa bayar gojek grabfood pokoknya membantu banget deh yuk download,1
54,melakukan upgrade ovo premier gagal uplod foto ktp kondisi ktp baik pencahayaan baik diperbaiki sistemnya aplikasi mempermudah penggunanya maaf bintang,melakukan upgrade premier gagal uplod foto ktp kondisi ktp baik pencahayaan baik diperbaiki sistemnya mempermudah penggunanya maaf bintang,-1
55,aplikasi memudahkan trf bank kurang masalah harga kalah jauh harga pasaran,memudahkan trf bank kurang masalah harga kalah jauh harga pasaran,1
56,log tulisan system sibuk klik informasi aplikasi hapus data log semoga membantu langsung menyalahkan pihak terkait banyak bicara tidak bisa aplikasi dompet digital ketimbang banyak bicara menghujat mix sesuai selera,log tulisan system sibuk klik informasi hapus data log semoga membantu langsung menyalahkan pihak terkait banyak bicara tidak bisa dompet digital ketimbang banyak bicara menghujat mix sesuai selera,-1
57,insentif prakerja tanggal juni cair punya teman teman pakai gopay cair,insentif prakerja tanggal juni cair punya teman teman pakai gopay cair,-1
58,susah kirim uang muncul layanan ditingkatkan mencoba kayak terus deh menunggu,susah kirim uang muncul layanan ditingkatkan mencoba kayak terus deh menunggu,-1
59,install langsung top up habis beli kuota internet saldonya kurang kuotanya masuk mantap lapor via email respon pertama terakhir bye bye,install langsung top up habis beli kuota internet saldonya kurang kuotanya masuk mantap lapor via email respon pertama terakhir bye bye,-1
60,verfikasi gagal terus akal akalan baca ambil pulsa doang apanya bagus,verfikasi gagal terus akal akalan baca ambil pulsa doang apanya bagus,-1
61,aplikasinya bagus sayang untuk bukti faktur penjualan edit jadi untuk pemakain pribadi enak untuk jual untng bukti faktur bosa edit,aplikasinya bagus sayang untuk bukti faktur penjualan edit jadi untuk pemakain pribadi enak untuk jual untng bukti faktur bosa edit,1
62,kecewa soalnya plajar punya penghasilan eh tahu tarik tunai upgrade premium punya ktp jadi saldo dana kumpulin sia doang meminta pihak dana upgrade premium gak usah ribet banget peljr pakai aplikasi dana doangg pengguna aplikasi dana gak kecewa ngomong-ngomong tingkatkan ya saran terima kasih,kecewa soalnya plajar punya penghasilan eh tahu tarik tunai upgrade premium punya ktp jadi saldo kumpulin sia doang meminta pihak upgrade premium gak usah ribet banget peljr pakai doangg pengguna gak kecewa ngomong-ngomong tingkatkan ya saran terima kasih,-1
63,beli paketan terus batal malu akun saldo sayang banget terpakai trf upgrade payah,beli paketan terus batal malu akun saldo sayang banget terpakai trf upgrade payah,-1
64,menemukan aplikasi linkaja serasa menemukan jodoh kenyamanan keamanan mantap pertahankan terus kembangkan digunakan untuk transaksi bayar tokopedia bayar bbm mypertamina ovo gopay bayar listrik pdam pulsa dan lain-lain gunakan untuk bayar tiket kereta terima kasih linkaja,menemukan serasa menemukan jodoh kenyamanan keamanan mantap pertahankan terus kembangkan digunakan untuk transaksi bayar tokopedia bayar bbm mypertamina gopay bayar listrik pdam pulsa dan lain-lain gunakan untuk bayar tiket kereta terima kasih,1
65,membantu aktivitas sehari terima kasih linkaja tetap komitmen menjaga layanan menjadi kedepannya,membantu aktivitas sehari terima kasih tetap komitmen menjaga layanan menjadi kedepannya,1
66,untuk top up dilakukan alfa indoma susah top up lewat bank,untuk top up dilakukan alfa indoma susah top up lewat bank,-1
67,dulunya enak enak dipakai lancar kali error transfer saldo paypal dana laporan transaksi paypal selesai uangnya masuk akun dana solusinya,dulunya enak enak dipakai lancar kali error transfer saldo paypal laporan transaksi paypal selesai uangnya masuk akun solusinya,-1
68,ampun benar ngecewain udah top up bayar jadi susah masak pin udah benar salah terus,ampun benar ngecewain udah top up bayar jadi susah masak pin udah benar salah terus,-1
69,menjadi seseorang alamualaikum mas ovo masukan netijen kedepannya mesin atm setor tarik khusus ovo anak pesantren bayar juta pakai scan ovo transfer bank biaya adminnya anak bayarannya kurang kepotong admin coba mas ovo kasihan anaknya bayaran pakai ovo,menjadi seseorang alamualaikum mas masukan netijen kedepannya mesin atm setor tarik khusus anak pesantren bayar juta pakai scan transfer bank biaya adminnya anak bayarannya kurang kepotong admin coba mas kasihan anaknya bayaran pakai,-1
70,memberikan keluhan play store jawaban suruh balas lewat email itupun memberikan solusi tepat balas pertanyaan berikan pelayanan baik benar pengguna akun dana merasa puas,memberikan keluhan play store jawaban suruh balas lewat email itupun memberikan solusi tepat balas pertanyaan berikan pelayanan baik benar pengguna akun merasa puas,-1
71,mengisi saldo dana akun tiba tiba dibuat untuk transfer membayar apapun mencoba menghubungi cs lewat whatsapp email tetap balasan minggu menunggu solusinya cape uang ketahan terus dipakai transfer,mengisi saldo akun tiba tiba dibuat untuk transfer membayar apapun mencoba menghubungi cs lewat whatsapp email tetap balasan minggu menunggu solusinya cape uang ketahan terus dipakai transfer,-1
72,kak udah masukkan nomor lupa pin pencet lupa pin kirim kode digit terkirim,kak udah masukkan nomor lupa pin pencet lupa pin kirim kode digit terkirim,-1
73,sok banget gagal melulu pas upgrade untuk kirim uang berusaha blur foto ktp foto muka berkali gagal melulu sok deh nyulit prosesnya permudah urusan orang menghina kamera handphone sok belagu malas,sok banget gagal melulu pas upgrade untuk kirim uang berusaha blur foto ktp foto muka berkali gagal melulu sok deh nyulit prosesnya permudah urusan orang menghina kamera handphone sok belagu malas,-1
74,miris disalah gunakan untuk aplikasi contonya penipuan onlen meminta no rek digit kartu memasukan pin otomatis saldo berada atm terkuras habis oknum bertanggung jawab ditindak lanjuti terima kasih,miris disalah gunakan untuk contonya penipuan onlen meminta no rek digit kartu memasukan pin otomatis saldo berada atm terkuras habis oknum bertanggung jawab ditindak lanjuti terima kasih,-1
75,terima atas kerja samanya penuh manfaat cepat tepat akurat pelayanan seandainya kekurangannya semoga kedepannya update perbaikan mantap,terima atas kerja samanya penuh manfaat cepat tepat akurat pelayanan seandainya kekurangannya semoga kedepannya update perbaikan mantap,1
76,mengirim uang rekening masuk masuk tulisan riwayatnya berhasil gak masuk masuk rekening pengiriman aneh,mengirim uang rekening masuk masuk tulisan riwayatnya berhasil gak masuk masuk rekening pengiriman aneh,-1
77,gak upgrade premium susah verifikasi muka malas kayak email gak respon,gak upgrade premium susah verifikasi muka malas kayak email gak respon,-1
78,terima aplikasi linkaja membantu membayar pln pulsa tv kabel pdam transportasi mudah mengakses baik suka aplikasi linkaja membantu semoga maju kedepannya yakin kedepannya membantu masyarakat indonesia untuk memudahkan akses pembayaran secara onlen sukses ya jaya jaya jaya,terima membantu membayar pln pulsa tv kabel pdam transportasi mudah mengakses baik suka membantu semoga maju kedepannya yakin kedepannya membantu masyarakat indonesia untuk memudahkan akses pembayaran secara onlen sukses ya jaya jaya jaya,1
79,verifikasi upgrade premium loadingnya berjam jam upgrade bintang satu aplikasi ribet sedunia berat banget aplikasinya loding,verifikasi upgrade premium loadingnya berjam jam upgrade bintang satu ribet sedunia berat banget aplikasinya loding,-1
80,beli pulsa bayar tagihan listrik pdam wifi tinggal klik klik beres lunas perlu keluar antri panas panasan simpel praktis mudah,beli pulsa bayar tagihan listrik pdam wifi tinggal klik klik beres lunas perlu keluar antri panas panasan simpel praktis mudah,1
81,masuk akun dana kode otp kirim mhon bantuan ganti handphone dowload ulang instal akun dana login kode otp kirim cekk kembali kendala akun dana terblokir,masuk akun kode otp kirim mhon bantuan ganti handphone dowload ulang instal akun login kode otp kirim cekk kembali kendala akun terblokir,-1
82,download aplikasi aplikasi jaman dulu upgrade premium ribet connect dukcapil terima ktp scan digital kakak scan digital maunya difoto sop jaman dulu cs jaman dulu donwload aplikasi,download jaman dulu upgrade premium ribet connect dukcapil terima ktp scan digital kakak scan digital maunya difoto sop jaman dulu cs jaman dulu donwload,-1
83,woy beli pulsa ribu lewat ovo pulsa masuk saldo hilang ngotak dikit,woy beli pulsa ribu lewat pulsa masuk saldo hilang ngotak dikit,-1
84,knph ulasan hapus aplikasi sampah sebarin orang teripu deng aplikasi tolol ovo,knph ulasan hapus sampah sebarin orang teripu deng tolol,-1
85,payah banget top up ribu masuk ribu katanya biaya admin namanya pemerasan biaya top up awal ribu kesepakatan namanya maling saldo,payah banget top up ribu masuk ribu katanya biaya admin namanya pemerasan biaya top up awal ribu kesepakatan namanya maling saldo,-1
86,baik top up via atm mempermudah pengguna non nasabah baca tambah fitur untuk transfer virtual account transfer bank tambah fitur isi flash sakuku berkembang pengguna layanan sakuku setengah hati contohnya top up via rekening baca,baik top up via atm mempermudah pengguna non nasabah baca tambah fitur untuk transfer virtual account transfer bank tambah fitur isi flash berkembang pengguna layanan setengah hati contohnya top up via rekening baca,-1
87,top up seminggu masuk min hubungi dana care balasan antrian penuh kayak tanggung jawab respon terima,top up seminggu masuk min hubungi care balasan antrian penuh kayak tanggung jawab respon terima,-1
88,transfer rekening baca dimasukan no rekening nominal transfer muncul atas nama penerima logo baca pencarian error,transfer rekening baca dimasukan no rekening nominal transfer muncul atas nama penerima logo baca pencarian error,-1
89,kesal masa tf tf terus pngsinya aplikasi transfer woy bis perbaiki aplikasi saldo mebes,kesal masa tf tf terus pngsinya transfer woy bis perbaiki saldo mebes,-1
90,aplikasi berguna melakukan aplikasi download buang buang kuota saran download lebih baik download seblum menyesal kuotanya kepotong untuk download dipakai payah,berguna melakukan download buang buang kuota saran download lebih baik download seblum menyesal kuotanya kepotong untuk download dipakai payah,-1
91,tingkat untuk kerjasama memudahkan pembayaran berbagai pelayanan cth pembayaran oksigen tv mudah terkontrol terima kasih,tingkat untuk kerjasama memudahkan pembayaran berbagai pelayanan cth pembayaran oksigen tv mudah terkontrol terima kasih,-1
92,aplikasinya nggam bagus log verivikasih eh keluar disuruh masukan nomer niat akun lebih baik usah akun uangya ngumpulin snack video sabar giliran tf dana nggam log mencari tambahan kebutuhan anakku perbaiki,aplikasinya nggam bagus log verivikasih eh keluar disuruh masukan nomer niat akun lebih baik usah akun uangya ngumpulin snack video sabar giliran tf nggam log mencari tambahan kebutuhan anakku perbaiki,-1
93,aplikasi dana terbuka update mencoba menghapus download kembali tapu verifikasi berhasil eh kembali awal disuruh masukan nomor telepon berulang ulang kali terus raisa folkow instagram ku kecewa,terbuka update mencoba menghapus download kembali tapu verifikasi berhasil eh kembali awal disuruh masukan nomor telepon berulang ulang kali terus raisa folkow instagram ku kecewa,-1
94,pengguna sakuku belanja indomaternyata pakai sakuku melayani indomasudah fasilitas edc dipakai bayar sakuku dipakai tempat diajak kerjasama mesin edc dimanapun dipakai,pengguna belanja indomaternyata pakai melayani indomasudah fasilitas edc dipakai bayar dipakai tempat diajak kerjasama mesin edc dimanapun dipakai,-1
95,jujur cs naik pitan mengaktifkan aktif tanya berbelit kayak pemilik nomor dipakai telepon nomor didaftarkan nama benar tanya sungguh menjengkelkan,jujur cs naik pitan mengaktifkan aktif tanya berbelit kayak pemilik nomor dipakai telepon nomor didaftarkan nama benar tanya sungguh menjengkelkan,-1
96,apl burik tidak bisa andelin tf ovo bank susah meminta ampun gagal terus eror signal bagus ovo bagus apl menyesal download hapus saldo tarik gagal pigoblogen,apl burik tidak bisa andelin tf bank susah meminta ampun gagal terus eror signal bagus bagus apl menyesal download hapus saldo tarik gagal pigoblogen,-1
97,update bagus aplikasinya update aplikasinya mentog dilogo terus balik untuk perbaiki aplikasinya,update bagus aplikasinya update aplikasinya mentog dilogo terus balik untuk perbaiki aplikasinya,-1
98,halo pemakai dana dompet maaf bintang komentarnya luar banget seram coba deh diperbaiki namamu baik jadi baik buruk sediakan fasilitas keluhan telpon email pengguna menghunakan email saran ditinggalkan pemakai jasa tzx,halo pemakai dompet maaf bintang komentarnya luar banget seram coba deh diperbaiki namamu baik jadi baik buruk sediakan fasilitas keluhan telpon email pengguna menghunakan email saran ditinggalkan pemakai jasa tzx,-1
99,untuk pengembalian dana gagal transfer lumayan cepat butuh semoga baik untuk kedepannya,untuk pengembalian gagal transfer lumayan cepat butuh semoga baik untuk kedepannya,-1
100,beli pulsa transfer uang cepat hitungan detik mudah bagus terus gngguan performa bagus tingkatkan,beli pulsa transfer uang cepat hitungan detik mudah bagus terus gngguan performa bagus tingkatkan,-1
101,bintang memberikan bintang tiba nelpon bapaknya bintang aplikasi bintang note semoga baik pelayanannya semoga sadar,bintang memberikan bintang tiba nelpon bapaknya bintang bintang note semoga baik pelayanannya semoga sadar,-1
102,parah berat banget loadingnya upraged premium gak beli pulsa gak perbaiki kaya terus pindah,parah berat banget loadingnya upraged premium gak beli pulsa gak perbaiki kaya terus pindah,-1
103,pengguna upgrade ovo premier top up transfer genting mencoba sign out terus sign tetap diperbaiki,pengguna upgrade premier top up transfer genting mencoba sign out terus sign tetap diperbaiki,-1
104,tidak bisa tf bank astaga enak apknya kayak ovo premier enak gitu tf kemana gabsa mengecewakan,tidak bisa tf bank astaga enak apknya kayak premier enak gitu tf kemana gabsa mengecewakan,-1
105,mendownload link menggunakan untuk menghubungkan wallet diakun prakerja katanya bagus cepat pencairan dana download daftar tanggal maret dana ditransfer tanggal maret dana insentif prakerjaku masuk ditransfer upgrade kecewa memakan waktu bayangkan,mendownload link menggunakan untuk menghubungkan wallet diakun prakerja katanya bagus cepat pencairan download daftar tanggal maret ditransfer tanggal maret insentif prakerjaku masuk ditransfer upgrade kecewa memakan waktu bayangkan,-1
106,aplikasi login susah isi data datanya lupa daftar login pakai otp saldo raib ratusan ribu terimakasih sakuku,login susah isi data datanya lupa daftar login pakai otp saldo raib ratusan ribu terimakasih,-1
107,satu minggu komentar penilain pertama suruh email email balas sehari dua katanya jam aplikasi mengalami masalah konfirmasi lewat ig media pelangan tahu diam,satu minggu komentar penilain pertama suruh email email balas sehari dua katanya jam mengalami masalah konfirmasi lewat ig media pelangan tahu diam,-1
108,costumer service payah lambat banget pelayananya uang kepotong hitungan detik responnya hitungan detik orderan berikan alasan memuaskan,costumer service payah lambat banget pelayananya uang kepotong hitungan detik responnya hitungan detik orderan berikan alasan memuaskan,-1
109,membantu jualan jadi mudah pakai dompet digital bisnis jadi mudah semoga untuk kedepan baik permudah kendala dilay pas beli pulsa masuk dana bisnis menunggu semoga update kedepan perbaiki,membantu jualan jadi mudah pakai dompet digital bisnis jadi mudah semoga untuk kedepan baik permudah kendala dilay pas beli pulsa masuk bisnis menunggu semoga update kedepan perbaiki,1
110,sakuku membantu limit lnya harapan tambahan fitur fitur menarik untuk pengalaman maksimal,membantu limit lnya harapan tambahan fitur fitur menarik untuk pengalaman maksimal,1
111,instal aplikasi dana aplikasi diminta pin digit opsi lupa pin memakai opsi lupa pin masuk digit kode dikirim sms jadi,instal diminta pin digit opsi lupa pin memakai opsi lupa pin masuk digit kode dikirim sms jadi,-1
112,mengecewakan mudah proses cepat proses lambat mengadu gmail gak jwaban suruh menunggu jam terus jam link mengurus kompain customer,mengecewakan mudah proses cepat proses lambat mengadu gmail gak jwaban suruh menunggu jam terus jam link mengurus kompain customer,-1
113,dana membantu bertransaksi aplikasi keren lambat jadi susah transaksi kurang membantu untuk diperbaiki aplikasi dana,membantu bertransaksi keren lambat jadi susah transaksi kurang membantu untuk diperbaiki,-1
114,dana jaringan lancar kuota ngelag terus pas masuk dana banget prosesnya memperbaiki,jaringan lancar kuota ngelag terus pas masuk banget prosesnya memperbaiki,-1
115,dana uang kirim rekening baca terkirim stts menunggu dana disaldo deh kepotong uangnya kemana masuk rekening dtuju ribu jadi ribu drespon pihak dana,uang kirim rekening baca terkirim stts menunggu disaldo deh kepotong uangnya kemana masuk rekening dtuju ribu jadi ribu drespon pihak,-1
116,aplikasi membantu daerah tukang jual token listrik jauh untungnya ketemu aplikasi linkaja jadi perlu jauh jauh beli token listrik tinggal klik langsung terima linkaja ragu buruan download daftar menyesal linkaja benar benar membantu gratis,membantu daerah tukang jual token listrik jauh untungnya ketemu jadi perlu jauh jauh beli token listrik tinggal klik langsung terima ragu buruan download daftar menyesal benar benar membantu gratis,1
117,gajian kirim akun ovo ku cepat banget pas tarik akun rekening eror,gajian kirim akun ku cepat banget pas tarik akun rekening eror,-1
118,masuk top aplikasi wallet populer amanah jelas sistem cashbacknya menunggu dikomplain diproses masuk riwayat notifiksi cashback masuk saldo bonus ditelusuri transaski besarannya cashbacknya detailnya payah aplikasi wallet kelas bumn milik negara diketawain swasta aplikasi walletnya prudent jelas,masuk top wallet populer amanah jelas sistem cashbacknya menunggu dikomplain diproses masuk riwayat notifiksi cashback masuk saldo bonus ditelusuri transaski besarannya cashbacknya detailnya payah wallet kelas bumn milik negara diketawain swasta walletnya prudent jelas,-1
119,maaf edit ulasan memgucapkan terimakasih dana menjadi partmer terbaik transaksi keuangan tetap semangat teruslah berkembang untuk menjadi terbaik,maaf edit ulasan memgucapkan terimakasih menjadi partmer terbaik transaksi keuangan tetap semangat teruslah berkembang untuk menjadi terbaik,-1
120,dasar aplikasi mengeluarkan akun tahu tahu nomor ovo aktif akun mengeluarkan bilang aplikasi duit nyangkut ribu ng ganti nomor dipersulit kont bi,dasar mengeluarkan akun tahu tahu nomor aktif akun mengeluarkan bilang duit nyangkut ribu ng ganti nomor dipersulit kont bi,-1
121,aplikasi pin benar meminta verifikasi nomor nomor enggak pakai sayang uang didalamnya aplikasi merugikan orang,pin benar meminta verifikasi nomor nomor enggak pakai sayang uang didalamnya merugikan orang,-1
122,ovo tambah ribet konsumen kena potong transfer ovo gagal eror terus pokok ovo hancur perlu pakai ovo dana terpakai,tambah ribet konsumen kena potong transfer gagal eror terus pokok hancur perlu pakai terpakai,-1
123,aplikasi bagus ya isi pulsa tiga kali berturut turut saldo kepotong,bagus ya isi pulsa tiga kali berturut turut saldo kepotong,-1
124,sakuku namanya saku kantong ku baca uang hilang lari kantong baca tanggung jawab hiyahiyahiya,namanya kantong ku baca uang hilang lari kantong baca tanggung jawab hiyahiyahiya,-1
125,astaga sinyal ovo bapuk lagnya malam malam butuh pulsa pengen beli pulsa anjing,astaga sinyal bapuk lagnya malam malam butuh pulsa pengen beli pulsa anjing,-1
126,aplikasi dana masuk login peringatan menghubungi custumer server yang terhormat aplikasi dana perbaiki masuk,masuk login peringatan menghubungi custumer server yang terhormat perbaiki masuk,-1
127,ovo invest punya pas jual banget tunggu pas butuhnya jual ovo invest eh tungguin ketik tidak bisa solusinya kah admin,invest punya pas jual banget tunggu pas butuhnya jual invest eh tungguin ketik tidak bisa solusinya kah admin,-1
128,haallo pihak dana melakukan bantuan whatsab akihkan mengalami kerugian cukup besar memakai aplikasi memproses tiket ngeriperr member,haallo pihak melakukan bantuan whatsab akihkan mengalami kerugian cukup besar memakai memproses tiket ngeriperr member,-1
129,kurang lengkap menu untuk beli token pln untuk beli pulsa telekomunikasi minimal rp rp sakuku terdaftar metode bayar bukalapak lazada tokopedia toko onlen lainya,kurang lengkap menu untuk beli token pln untuk beli pulsa telekomunikasi minimal rp rp terdaftar metode bayar bukalapak lazada tokopedia toko onlen lainya,-1
130,benar benar kapok isi saldo ribu rekening kepotong saldo masuk masuk komplain suruh menunggu merugikan nasabah laporkan ojk media konsumen hati transaksi menggunakan linkaja uang aman dirugikan pandemi mengambil hak orang,benar benar kapok isi saldo ribu rekening kepotong saldo masuk masuk komplain suruh menunggu merugikan nasabah laporkan ojk media konsumen hati transaksi menggunakan uang aman dirugikan pandemi mengambil hak orang,-1
131,kecewa euy pengalaman pertama beli pulsa pakai voucer refund voucher hilang overall oke,kecewa euy pengalaman pertama beli pulsa pakai voucer refund voucher hilang overall oke,-1
132,parah gara update masuk dana tiba keluar tahu update mengecewakan penguna,parah gara update masuk tiba keluar tahu update mengecewakan penguna,-1
133,aplikasi dana kacau aplikasi eror trnsaksi pulsa trnsksi transfer dan lain-lain perbaiki butuh saldo untuk ambil,kacau eror trnsaksi pulsa trnsksi transfer dan lain-lain perbaiki butuh saldo untuk ambil,-1
134,beli paketan pulsa indosat pertama beli gagal coba berhasil saldo terpotong paketan gak masuk kecewa,beli paketan pulsa indosat pertama beli gagal coba berhasil saldo terpotong paketan gak masuk kecewa,-1
135,sakuku sakuku plus berbeda fungsi membedakan saldo maximum saran satu aplikasi cukup saldo tambahkan cukup satu kali registrasi simple jadi,plus berbeda fungsi membedakan saldo maximum saran satu cukup saldo tambahkan cukup satu kali registrasi simple jadi,-1
136,tanggu jawab ovo gakjelas top sebesar dibengking terkirim masak masuk saldo ovo ditanggapi masalah topup,tanggu jawab gakjelas top sebesar dibengking terkirim masak masuk saldo ditanggapi masalah topup,-1
137,fitur didalam siap dipasarkan komplen dana terdebet double tanggal juli meminta ulang ulang telf balik telf balik dihitung pulsa nelf dana terdebet besar pulsa nelf parah,fitur didalam siap dipasarkan komplen terdebet double tanggal juli meminta ulang ulang telf balik telf balik dihitung pulsa nelf terdebet besar pulsa nelf parah,-1
138,aplikasi ruwet beli pulsa barengan anehnya pembelian kedua nominal masuk pertama besar masuk udah motong saldo ruwet telpon cs hasilnya biaya telpon gede pulsa dibeli benar aplikasi cari duit kebangetan kai gandeng apkikasi kayak kai najis benernya pakai aplikasi,ruwet beli pulsa barengan anehnya pembelian kedua nominal masuk pertama besar masuk udah motong saldo ruwet telpon cs hasilnya biaya telpon gede pulsa dibeli benar cari duit kebangetan kai gandeng apkikasi kayak kai najis benernya pakai,-1
139,dana kembalikan pihak ovo bentuk saldo ovo tetap kecewa awal membuat buang tenanga waktu untuk mengkonfirmasi lewat kedua belah pihak lanjut ulangi ya ovo tingkatkan pelayanan service baik untuk coutemer terimakasih,kembalikan pihak bentuk saldo tetap kecewa awal membuat buang tenanga waktu untuk mengkonfirmasi lewat kedua belah pihak lanjut ulangi ya tingkatkan pelayanan service baik untuk coutemer terimakasih,-1
140,untuk prakerja lambat banget pengiriman jadwal tanggal cair tanggal cair aplikasi jelek lambat,untuk prakerja lambat banget pengiriman jadwal tanggal cair tanggal cair jelek lambat,-1
141,ovo masalah gak login akun pribadi mengira akun teman doang ternyata ngalamin perlu ripo,masalah gak login akun pribadi mengira akun teman doang ternyata ngalamin perlu ripo,-1
142,susah dibuka transfer uang diambil aplikasi dibuka satu bintang luarbiasa pengin bintang aplikasi dana pengeluhan via email mengecewakan tahu,susah dibuka transfer uang diambil dibuka satu bintang luarbiasa pengin bintang pengeluhan via email mengecewakan tahu,-1
143,mempersulit untuk top up proses kena tipu kode masuk masuk uang hilang asu asu,mempersulit untuk top up proses kena tipu kode masuk masuk uang hilang asu asu,-1
144,ovo sebel banget top up ternyata tidak bisa pakai belanja indomaret alfa top up pakai baca doang pakai bank kena admin diupdate,sebel banget top up ternyata tidak bisa pakai belanja indomaret alfa top up pakai baca doang pakai bank kena admin diupdate,-1
145,ayo hapus ovo skrgg verivikasi dari tadi nomor masuk merugikan pakai dana bersahabat habis transfer dana ovo merugikan duit masuk,ayo hapus skrgg verivikasi dari tadi nomor masuk merugikan pakai bersahabat habis transfer merugikan duit masuk,-1
146,instal sakuku kali notifikasi card sim teregistrasi reinstal kartu sim dipindah coba reinstal daftarin gagal sms verifikasi gagal no aktif no dipakai pulsa masa aktifnya panjang saldo,instal kali notifikasi card sim teregistrasi reinstal kartu sim dipindah coba reinstal daftarin gagal sms verifikasi gagal no aktif no dipakai pulsa masa aktifnya panjang saldo,-1
147,urgent pakai acara daily limit cs tanya gak solusi disuruh tunggu bilang benaran urgent butuh dana,urgent pakai acara daily limit cs tanya gak solusi disuruh tunggu bilang benaran urgent butuh,-1
148,semenjak update salah kode security terus benar kode security error aplikasi ovo min jadi nyaman bertransaksi lewat ovo,semenjak update salah kode security terus benar kode security error min jadi nyaman bertransaksi lewat,-1
149,hadeeh pakai ovo bayar toped komen negatif jadi il fil deh takut tahan saldonya hmm daftar uninstall kira aman pakai ovo,hadeeh pakai bayar toped komen negatif jadi il fil deh takut tahan saldonya hmm daftar uninstall kira aman pakai,-1
150,tambahkan maps untuk letak atm pengambilan sakuku minim atm tarik tunai sakuku tambahkan transfer rekening memudahkan terimakasih,tambahkan maps untuk letak atm pengambilan minim atm tarik tunai tambahkan transfer rekening memudahkan terimakasih,-1
151,aplikasi berat penjahat kelamin android ugrade full service gagal terus difoto ktp katanya terbaca coba pakai android berhenti logo linkaja terus masuk solusinya,berat penjahat kelamin android ugrade full service gagal terus difoto ktp katanya terbaca coba pakai android berhenti logo terus masuk solusinya,-1
152,boros harga naik rupiah terus transfer bank biaya terus isi saldo fee potongan untuk bwh mulai lintah darat,boros harga naik rupiah terus transfer bank biaya terus isi saldo fee potongan untuk bwh mulai lintah darat,-1
153,ribet kali gagal smoa data ktp udah jelas gagal meningan delete,ribet kali gagal smoa data ktp udah jelas gagal meningan delete,-1
154,diperbaiki awal bulan agustus aplikasi dana masukkan nomor pin disuruh masukkan kode otp via sms sms masuk diperbaiki,diperbaiki awal bulan agustus masukkan nomor pin disuruh masukkan kode otp via sms sms masuk diperbaiki,-1
155,top up seminggu saldo bertambah bertambah aplikasi pokoknya saldo bertambah lihat hubungi via email sms respon,top up seminggu saldo bertambah bertambah pokoknya saldo bertambah lihat hubungi via email sms respon,-1
156,hai dana ya aplikasi memasukkan no otp akun terdaftar dana masukkin pin otp,hai ya memasukkan no otp akun terdaftar masukkin pin otp,-1
157,kerjasama akun dana premium transfer akun bank keluar tulisan maaf akun terverifikasi bantu annya kak,kerjasama akun premium transfer akun bank keluar tulisan maaf akun terverifikasi bantu annya kak,-1
158,akun dana langsung verifikasi menarik dana tik tok dana tiba keluar suruh masuk situ bacaan aman akun masuk,akun langsung verifikasi menarik tik tok tiba keluar suruh masuk situ bacaan aman akun masuk,-1
159,dana menurun system bayar tagihan wifi pulsa listrik beli paket data pakai dana suka hilang fitur pembayaran aneh,menurun system bayar tagihan wifi pulsa listrik beli paket data pakai suka hilang fitur pembayaran aneh,-1
160,app waktu pakai os kitkat pakai os lollypop dibuka tulisannya maaf ponsel melakukan registrasi sakuku hubungi halobca ditelp solusi pulsa terpotong ribu an,app waktu pakai os kitkat pakai os lollypop dibuka tulisannya maaf ponsel melakukan registrasi hubungi halobca ditelp solusi pulsa terpotong ribu an,-1
161,kecewa pelayanan dana care komplain diselesaikan mengajukan komplain email dana care jam tanggal juni disegerakan,kecewa pelayanan care komplain diselesaikan mengajukan komplain email care jam tanggal juni disegerakan,-1
162,mengerti pakai dana tidak usah instal orang aplikasi nyaman banget menarik uang alfa beli kuota bayar pakai dana beli pakai dana sumpah nyaman banget,mengerti pakai tidak usah instal orang nyaman banget menarik uang alfa beli kuota bayar pakai beli pakai sumpah nyaman banget,-1
163,susah masuk dana premium chat nggak balas balas lambat kurang senang kurang respon,susah masuk premium chat nggak balas balas lambat kurang senang kurang respon,-1
164,akun login pas masukkan nomor pin muncul tulisan aktif cara aktifin bgaimana min respons,akun login pas masukkan nomor pin muncul tulisan aktif cara aktifin bgaimana min respons,-1
165,muhammad faisal beli mobil mobil kerumah bawa duit ces ratus juta,muhammad faisal beli mobil mobil kerumah bawa duit ces ratus juta,1
166,maaf kecewa gak isi plz pembayaran lazada ya saldo terisi data lengkapi,maaf kecewa gak isi plz pembayaran lazada ya saldo terisi data lengkapi,-1
167,ovo mudah gunakan pelayanan serba cepat jadi menurut recomended banget untuk memudahkan transaksi rumah,mudah gunakan pelayanan serba cepat jadi menurut recomended banget untuk memudahkan transaksi rumah,1
168,kemudahan transaksi membuat pengguna dilayani kenyamanan pembayaran dana menjaga pengguna pelayanan mengedepankan prinsip financial konsistensi semoga dana terus berkembang sejajar wallet,kemudahan transaksi membuat pengguna dilayani kenyamanan pembayaran menjaga pengguna pelayanan mengedepankan prinsip financial konsistensi semoga terus berkembang sejajar wallet,1
169,aplikasi dana wajib uninstall rakyat indonesia kinerja sistem team kesini kelihatan buruk jelek cara penanganan masalah pengguna menghubungi lewat email whatsapp telepon respon menemui solusi kata gagal penanganan masalah customer pengguna untuk dana memuaskan pelanggan baik mundur,wajib uninstall rakyat indonesia kinerja sistem team kesini kelihatan buruk jelek cara penanganan masalah pengguna menghubungi lewat email whatsapp telepon respon menemui solusi kata gagal penanganan masalah customer pengguna untuk memuaskan pelanggan baik mundur,-1
170,maaf bintang satu melakukan pembayaran kode qris saldo dana terpotong qris tujuan menerima uang dana tanya whatsapp suruh email tanya email suruh whatsapp terus ninta payah,maaf bintang satu melakukan pembayaran kode qris saldo terpotong qris tujuan menerima uang tanya whatsapp suruh email tanya email suruh whatsapp terus ninta payah,-1
171,aplikasi jrelerek gila benaran banget complen menarik saldonya soalnya kata sistem sibuk terus mengirim rekening bank,jrelerek gila benaran banget complen menarik saldonya soalnya kata sistem sibuk terus mengirim rekening bank,-1
172,menghubungi cs by email kirim ktp dan lain-lain tetap upgrade primer ktp rusak,menghubungi cs by email kirim ktp dan lain-lain tetap upgrade primer ktp rusak,-1
173,tampilan aplikasi mudah untuk dimengerti desainnya bagus aplikasi link membayar pendidikan jadi perlu bank untuk membayar uang kuliah tinggal beli investasi,tampilan mudah untuk dimengerti desainnya bagus link membayar pendidikan jadi perlu bank untuk membayar uang kuliah tinggal beli investasi,1
174,awalnya bagus kayakx aplikasi mencuri deh sumpah masa saldo ribu top up ribu cek saldo dana tinggal ribu naik turun,awalnya bagus kayakx mencuri deh sumpah masa saldo ribu top up ribu cek saldo tinggal ribu naik turun,-1
175,dana burik masa beli pulsa saldo berkurang pulsa masukk habis notif,burik masa beli pulsa saldo berkurang pulsa masukk habis notif,-1
176,aplikasinya mengesalkan transfer disuruh upgrade giliran upgrade susah banget mengurus capil app berlebihan,aplikasinya mengesalkan transfer disuruh upgrade giliran upgrade susah banget mengurus capil app berlebihan,-1
177,punya saldo dana pas tarik veripikasi premium pas klik gagal upload foto coba klik bantuan respon jadi uang tarik,punya saldo pas tarik veripikasi premium pas klik gagal upload foto coba klik bantuan respon jadi uang tarik,-1
178,pertama masuk dana ragu masuk dana ternyata memuaskan ragu bintang pokoknya dua jempollah dana sukses salam,pertama masuk ragu masuk ternyata memuaskan ragu bintang pokoknya dua jempollah sukses salam,-1
179,bertanya linkaja melakukan pembayaran bpjs kesehatan masukan nomor va nomor va virtual account betul,bertanya melakukan pembayaran bpjs kesehatan masukan nomor va nomor va virtual account betul,-1
180,aplikasi membantu mulai pembayaran digital belanja onlen beli pulsa token listrik dan lain-lain pokoknya pihak aplikasi pertahanin pelayanannya konsumennya merasa kecewa,membantu mulai pembayaran digital belanja onlen beli pulsa token listrik dan lain-lain pokoknya pihak pertahanin pelayanannya konsumennya merasa kecewa,1
181,selamat sore pak cara blokir linkaja soalnya lupa pin terblokir solusinya kah pak ibu,selamat sore pak cara blokir soalnya lupa pin terblokir solusinya kah pak ibu,-1
182,menunggu jam masa tidak bisa login transaksi urgent diprosesnya diemail membantu disuruh menunggu terus,menunggu jam masa tidak bisa login transaksi urgent diprosesnya diemail membantu disuruh menunggu terus,-1
183,mantul banget simpel praktis gak perlu rekening bank cukup aplikasi link guys tranfer bank enak admin untuk link tingkatkan kinerja semoga diberi panjang umur rezeki lancar amin jam oprasional soalnya teman kadang meminta pulsa tngah malam hehee,mantul banget simpel praktis gak perlu rekening bank cukup link guys tranfer bank enak admin untuk link tingkatkan kinerja semoga diberi panjang umur rezeki lancar amin jam oprasional soalnya teman kadang meminta pulsa tngah malam hehee,1
184,saran app sakuku untuk menambahkan fitur transfer bank transfer bank bri mandiri bank sinarmas maybank bni memudahkan pengguna sakuku transfer bank,saran app untuk menambahkan fitur transfer bank transfer bank bri mandiri bank sinarmas maybank bni memudahkan pengguna transfer bank,1
185,bagus saran menu perbanyak untuk transaksi onlain bayar beli token listrik bayar toko onlain,bagus saran menu perbanyak untuk transaksi onlain bayar beli token listrik bayar toko onlain,1
186,beli pulsa proses terus saldo terpotong pulsa terkirim beli token ribu proses terus saldo terpotong transaksi gak jelas no token gak parah,beli pulsa proses terus saldo terpotong pulsa terkirim beli token ribu proses terus saldo terpotong transaksi gak jelas no token gak parah,-1
187,membeli paket internet by menggunakan ovo tertulis transaksi dilakukan waktu detik detik transaksi dilakukan tahu permasalahannya aplikasi by ovo alami menggunakan atm aplikasi,membeli paket internet by menggunakan tertulis transaksi dilakukan waktu detik detik transaksi dilakukan tahu permasalahannya by alami menggunakan atm,-1
188,admin menganti nomor telpon nomor blokir memverifikasi ktp menggunakan aplikasi dana untuk bertransaksi bantuannya untuk menganti nomor telpon blokir terima salah hormat,admin menganti nomor telpon nomor blokir memverifikasi ktp menggunakan untuk bertransaksi bantuannya untuk menganti nomor telpon blokir terima salah hormat,-1
189,dana aplikasi langsung keluar update tetap terus dtanggapin butuh melakukan transaksi,langsung keluar update tetap terus dtanggapin butuh melakukan transaksi,-1
190,untuk developer tambahkan fitur pengaman finger print verifikasi wajah untuk pin log va tetangga close tutup aplikasi langsung terkunci terimakasih,untuk developer tambahkan fitur pengaman finger print verifikasi wajah untuk pin log va tetangga close tutup langsung terkunci terimakasih,1
191,alhamdulilah pihak dana me refund mengembalikan saldo dana kembali tingkatkan terus kualitasmu terjaga kepercayaan masukan untuk pihak cs ditingkatkan pelayanan konsemen sibuk terus sukses dana terima kasih pengertian,alhamdulilah pihak me refund mengembalikan saldo kembali tingkatkan terus kualitasmu terjaga kepercayaan masukan untuk pihak cs ditingkatkan pelayanan konsemen sibuk terus sukses terima kasih pengertian,-1
192,aplikasi mempersulit transfer uang masa transfer rekening bank menunggu bulan terus uang,mempersulit transfer uang masa transfer rekening bank menunggu bulan terus uang,-1
193,pengguna dana kecewa gunakan dana tambahkan bebas admin ya plis he,pengguna kecewa gunakan tambahkan bebas admin ya plis he,-1
194,halo tanya kak notifikasi ovo muncul butuh untuk memberi dukungan lewat trakteer,halo tanya kak notifikasi muncul butuh untuk memberi dukungan lewat trakteer,-1
195,kiriman pending saldo terpotong lapor pihak linkaja kirim email jawabanya memproses masalah kunjung proses menunggu terlanjur hilang target hilang uang uang uang loh,kiriman pending saldo terpotong lapor pihak kirim email jawabanya memproses masalah kunjung proses menunggu terlanjur hilang target hilang uang uang uang loh,-1
196,kemarin nyaman loading tap kali loading tap kali doble pas kirim uang meminta pin kali tahu taunya uang kirimjga doble perbaiki respon cepat aplikasi,kemarin nyaman loading tap kali loading tap kali doble pas kirim uang meminta pin kali tahu taunya uang kirimjga doble perbaiki respon cepat,-1
197,kocak gak token vocer diskon topup gak kayak pertama memakai dana diskon mah gak,kocak gak token vocer diskon topup gak kayak pertama memakai diskon mah gak,-1
198,menyampaikan pendapat semoga layanan syariah link top up saldo bsi biaya admin,menyampaikan pendapat semoga layanan syariah link top up saldo bsi biaya admin,-1
199,download ovo top up coba untuk isi pulsa lakukan berulang ulang tetap bantu salah ovo,download top up coba untuk isi pulsa lakukan berulang ulang tetap bantu salah,-1
200,aplikasi bagus berguna lumayan untuk aplikasi masalah waktu aplikasi loading jadi perbaiki terima,bagus berguna lumayan untuk masalah waktu loading jadi perbaiki terima,1
