raw,processed,labels
Mau ganti nomer akun dana lama no nya hilang sudah di email di WA juga tidak ada tanggapan PAYAH dana,ganti nomer akun dana no hilang email whatsapp tanggapan payah dana,-1
Ketauan pake yang lain teman2 pake dana susah banget mau tarik tunai .tiap mau tarik tunai ke alfa dll pasti aja ada alesan gabisa tarik tunai nya .ğŸ˜¡,ketahuan pakai teman pakai dana susah banget tarik tunai tarik tunai alfa dan lain-lain alesan tidak bisa tarik tunai,-1
"aneh, verifikasi KTP. katanya KTP gua palsu. SIM gua palsu. kalo KTP gw palsu gak mungkin gw bisa bikin SIM, bikin ATM bca, ATM bri dll. gak jelas nih aplikasi. yang bikin KTP tuh bukan gw tapi dari dinas dukcapil. sembarangan aja ngatain KTP gw palsu",aneh verifikasi ktp katanya ktp palsu sim palsu ktp palsu sim atm baca atm bri dan lain-lain jelas aplikasi ktp dinas dukcapil sembarangan mengatai ktp palsu,-1
Gwe kirim ke req masih proses belum ada konfirm masuk dari pihak dana tapi saldo udah k.potong aja.. gimana itu... dah gwe coba tlfn pihak dana gak ada respon njing... d.email slow respon tanpa kepastian asww,kirim request proses konfirm masuk pihak dana saldo potong coba tlfn pihak dana respon njing email slow respon kepastian asww,-1
gimana nih pihak ovo udah 1x24 jam saya ngisi pulsa pelanggan saya gak masuk2.. gagal enggak terkirim juga enggak.. layanan nya kurang memuaskan di ovo,pihak ovo jam mengisi pulsa pelanggan masuk gagal terkirim layanan kurang memuaskan ovo,-1
"Gimana sih customer service nya, sibuk mulu gak dijawab jawab niat kgk sih emosi gw lama""l, udah lewat email, whatsapp sama aja kek anj-,)",customer service sibuk terus dijawab jawab niat emosi lewat email whatsapp kayak anjing,-1
"Suka bngt sama aplikasi LinkAja. bener2 gampang bngt buat digunakan. bisa bayar listrik, gojek, grabfood dan masih bnyk lainnya hanya dalam 1 aplikasi. buat yg pertama kali pake e-wallet, bisa bngt nyoba pake LinkAja",suka banget aplikasi linkaja benar gampang banget digunakan bayar listrik gojek grabfood aplikasi pertama kali pakai wallet banget mencoba pakai linkaja,1
"Sangat bagus! Dompet digital paling berguna dari semua dompet digital yang ada. Bisa all in one, semua pembayaran bisa hanya dengan satu dompet (LinkAja) jadi jauh lebih praktis.",bagus dompet digital berguna dompet digital all one pembayaran satu dompet linkaja jadi jauh praktis,1
"Ada apa dengan link aja? Hari ini tidak bisa dibuka sama sekali setelah top up saldo padahal sudah hapus dan install ulang bbrpa kali, sdh restart handphone juga, mohon penjelasan",link dibuka top up saldo hapus install ulang kali restahandphone penjelasan,-1
"Maaf ini kok nomor saya ditolak gt ya ? Padahal saya tidak melakukan kesalahan.. Mohon diperbaiki atau gmn gt kak,, Padahal dulu suka banget linkaja,, kok tiba-tiba gak bisa :(",maaf nomor ditolak melakukan kesalahan diperbaiki gimana kak suka banget linkaja tiba tiba,-1
Saya kecewa. Biasanya bagus2 aja... sekarang Ini gimana dana ya.. parah banget. Respons dong. Telpon call centre penuh terus. . D suruh ngontek watsap. . Watsap cuma robot. Udah Top up tapi saldo gak nambah2. Email brkali2 juga telat respons. Mohon hati2 saja ke yang lainnya ya. Saya tunggu saldo saya saja. Pulsa sampai habis buat telpon call centre. Alhmdulillah saldo udh masuk setelah pantau trus email 2 harian. Muga gak trjadi gini lagi.,kecewa bagus dana parah banget respons telpon call centre penuh terus suruh ngontek watsap watsap robot top up saldo bertambah email brkali terlambat respons hati tunggu saldo pulsa habis telpon call centre alhmdulillah saldo udah masuk pantau terus email harian moga terjadi,-1
"Sebelumnya bisa pake aplikasinya dgn sim nomor hp yg terdaftar di BCA dgn 
posisi bkn di sim 1 tp posisi sim 2, tapi knp sekarang nomor yg terdaftar 
hrs di sim 1?? Pake aplikasi BCA mobile aja ga masalah hmmm... Aplikasi yg 
aneh.. tidak tambah canggih tp malah tambah mundur...",pakai aplikasinya sim nomor handphone terdaftar baca posisi sim posisi sim nomor terdaftar sim pakai aplikasi baca mobile masalah hm aplikasi aneh tambah canggih tambah mundur,-1
"Aplikasi yang amazing sih ini, semua kebutuhanku berbau uang jadi simple. Bisa beli pulsa waktu mager pergi keluar rumah sih. Nahh lagi kalo disuruh nyokap beli token pulsa jd nggk ribet tinggal link link ajaa. Mau berangkat kerja nggk ada motor tinggal nge gojek aja klik link aja sampe kantor. Makan siang nggk bawa bekel tinggal ngegrab food aja sih dan pakai link aja lagi. Nah nahh bapak saya buka servis hp nih mau beli sparepart cuss klik link aja buat pembayarannya.",aplikasi amazing kebutuhanku berbau uang jadi simple beli pulsa waktu malas pergi keluar rumah disuruh ibu beli token pulsa jadi ribet tinggal link link berangkat kerja motor tinggal nge gojek klik link kantor makan siang bawa bekel tinggal ngegrab food pakai link bapak servis handphone beli sparepacu klik link pembayarannya,1
"Kenapa yah aplikasi saya tidak bisa untuk transaksi pengiriman uang, saya sudah email ke link aja nya , jawaban nya sudah di tanggapi dan sudah bisa di pakai transaksi, tpi nyata belum bisa . Tolong di perbaiki . Terimah kasih",ya aplikasi untuk transaksi pengiriman uang email link jawaban tanggapi pakai transaksi nyata perbaiki terimah,-1
"Pas di buka malah tampil "" maaf, ponsel anda tidak bisa melakukan registrasi sakuku.hubungi bank BCA"". mohon perbaiki.!!!",pas tampil maaf ponsel melakukan registrasi sakuku hubungi bank baca perbaiki,-1
Bahkan baru buka pertama kali aja dah gagal memuat niat ngak sihh bikin aplikasi udah 2 hari masak gangguan mulu ngak bisa bisa di buka,pertama kali gagal memuat niat nggak aplikasi masak gangguan terus nggak,-1
"aku dr semalem mau isi pulsa ga bisa2.. mau coba kirim uang, harus upgrade dana premium.. di upgrade ke dana premium loading lama banget ujung2nya gagal.. kenapa kaya gitu si? perbaiki servernya dong jangan bikin org kecewa jadinya",semalem isi pulsa coba kirim uang upgrade dana premium upgrade dana premium loading banget gagal kayak perbaiki servernya orang kecewa jadinya,-1
Sangat membantu dan menguntungkan emang saya pernah transaksi saldo udah kapotong tapi kagak masuk. tapi menghubungi mail saldo dipulangin lagi pokoknya linkaja emang top,membantu menguntungkan transaksi saldo kapotong masuk menghubungi mail saldo dipulangin pokoknya linkaja top,1
"Link aja membuat urusan jadi mudah bisa transfer, bayar listrik, bayar PDAM, isi pulsa, dsb.",link membuat urusan jadi mudah transfer bayar listrik bayar pdam isi pulsa dsb,1
"Saya pengguna baru tolong penjelasannya karna saya kurang tau & paham apa kegunaan dari aplikasi ini, Mohon bantuain penjelasannya Sebelumnya saya trima ksh...",pengguna penjelasannya kurang tahu paham kegunaan aplikasi bantuain penjelasannya terima kasih,1
"Aplikasi nanggung bgt ,login pingerprint blm bisa, utk bayar dan topup indomaret alfamat ga bisa ,topup dari jenius gagal ga bisa jg, tf ke bca virtual ga bisa jg,menu nya ga lengkap pas2an, haduh nangung bgt ini yang buat app sekelas bca, plis benahin lagi lah",aplikasi nanggung banget login pingerprint untuk bayar topup indomaret alfamat topup jenius gagal tf baca virtual menu lengkap pas an aduh nangung banget app sekelas baca plis membenahi,-1
"Tapi saia mau tanya , kan Saia masukin uang di dana nah Saia juga masih pelajar belum ada KTP kan tapi yang paling bingungnya. 2 Minggu kemudian duit saya hangus yang tadinya 30.500 jadi 500 perak. Ini kenapa ya?",tanya masukkan uang dana pelajar ktp bingungnya minggu duit hangus jadi perak,-1
"Makin lama makin parah parah aja ini apk ovo , masaa udah satu minggu sistem sibuk melulu ,mau transfer malah enggak bisaa",parah parah aplikasi ovo masaa satu minggu sistem sibuk melulu transfer,-1
"Dapat sms, daftar/install aplikasi ini dapat kuota data 2 GB, udah daftar, bayar pakai sms, registrasi saja gak bisa, terus gak tau juga fungsinya ini apa, saya pastikan anda rugi kuota buat download, buang buang pulsa buat registrasi, ini urusan uang, hal penting malah kayak gini, malah kalah sama game online, kalo belum bisa jalan jangan memaksakan diri, yang rugi itu konsumen bos ku",sms daftar install aplikasi kuota data gb daftar bayar pakai sms registrasi terus tahu fungsinya pastikan rugi kuota download buang buang pulsa registrasi urusan uang penting kalah permainan onlen jalan memaksakan rugi konsumen bos ku,-1
Udah di update ke full servis udah 2 hari gak ada tanggapan dari pihak linkaja . Tercantup di linkaja 1 kali 24 jam dan iniudah 2 kali 24 jam gak ada respon. Disitu sangat mengecewakan.,update full servis tanggapan pihak linkaja tercantup linkaja kali jam iniudah kali jam respon disitu mengecewakan,-1
"kembalikan saldo dana saya pada tanggal 6 agustus jam 1 pagi saya beli pulsa 100k , riwayat transaksi tertulis kadaluarsa namun kenapa saldo tdk dikembalikan",kembalikan saldo dana tanggal agustus jam pagi beli pulsa riwayat transaksi tertulis kadaluarsa saldo dikembalikan,-1
"Tapi kenapa akhir2 ini jd susah login dg blsn sms blm dpt dproses,dcb lg bbrp saat kmudian msh ga bs mpe brp x instal ulang :(",akhir jadi susah login blsn sms dproses dcb kmudian instal ulang,-1
"Apk yg bagus banget sangatÂ² membantu saat keperluan mendadak bisa transfer dengan mudah tanpa ribet dan cepat apa lagi kalo pulsa listrik habis, pokok nya keren bangetâ€¦",aplikasi bagus banget membantu keperluan mendadak transfer mudah ribet cepat pulsa listrik habis pokok keren banget,1
"Dari pada aplikasi sebelah, mending pake ini. Se jelek2 nya ini .masih mending..sumpah beroo, harga juga gak begitu mahal, bahkan lebih murah2 ini klo mau buat bayar2.. top up juga cepet gak pake ribet...dah lah..gw mending pilih ini aja",aplikasi sebelah lebih baik pakai jelek lebih baik sumpah beroo harga mahal murah bayar top up cepat pakai ribet lebih baik pilih,1
"Aplikasi lumayan membantu, cuma beberapa kali top up di rekening udh kepotong kok gamasuk saldo link aja ya, aneh, malah bikin rugi.",aplikasi lumayan membantu kali top up rekening udah kepotong gamasuk saldo link aneh rugi,-1
"Sangat recomended sekali untuk aplikasi ini. Aplikasi yang sangat berguna buat saya. Karena disini banyak banget menu yang memudahkan saya untuk transaksi. Seperti : Transfer dan tarik tunai, beli pulsa dan data,asuransi,bayar listrik,PDAM sampai internet. Pembayarannya pun sangat simple no ribet ribet dan gak pakai lama. Cukup scan dan tunjukan token aplikasi langsung bayar. Kapan lagi bisa melakukan banyak transaksi dengan menggunakan satu aplikasi saja. Buat kalian pokoknya harus download.",recomended untuk aplikasi aplikasi berguna banget menu memudahkan untuk transaksi transfer tarik tunai beli pulsa data asuransi bayar listrik pdam internet pembayarannya simple no ribet ribet pakai cukup scan tunjukkan token aplikasi langsung bayar melakukan transaksi menggunakan satu aplikasi pokoknya download,1
"Maaf saya kasih bintang 2.. karna makin sini dana makinn lemotttt, masa mau transfer nunggu 1 jam dulu, tulisan kirim ga bisa di klik trus, mesti hapus dulu baru donload lagi dan itu pun butuh waktu lama..",maaf bintang dana makinn lambat masa transfer menunggu jam tulisan kirim klik terus mesti hapus donload butuh waktu,-1
"Ini saya gimana kartu saya hilang, Dan saya mau masuk akun ovo harus veripikasi karma habis login, ada jalan terbaik ga buat masuk ke akun ovo saya lagi soalnya kartu saya hilang, mohon petunjuk",kartu hilang masuk akun ovo veripikasi karma habis login jalan terbaik masuk akun ovo soalnya kartu hilang petunjuk,-1
Kenapa akun ku gak bisa di login Padahal masih ada saldo nya Kode salah terus padahal belom d ganti2 Dan ketika mau ganti pin tetap aja gak bisa Tolong dong min gimana saldo saya ğŸ™,akun ku login saldo kode salah terus ganti ganti pin tetap min saldo,-1
"Saya sudah berulang kali Upgride ke premium,photo KTP saya memang kurang jelas bukan kesalahan saya,itu dari Capil,mengurus KTP saja Sampai Mampus susahnya,sudah saya Lengkapi pasport juga,kemaren SIM juga,TOLONGLAH jangan Rumit gini.kenapa di aplikasi Lain KTP saya bisa digunakan. JANGAN SAMPAI PERSEPSi Orang buruk ke DANA!!!!",berulang kali upgride premium photo ktp kurang jelas kesalahan capil mengurus ktp mampus susahnya lengkapi paspojuga kemarin sim tolonglah rumit aplikasi ktp digunakan persepsi orang buruk dana,-1
"Mba tolong dong , masa bulan bulan ini setiap saya isi saldo dana saya lama banget proses nya , dan sekarang saya sudah top up lagi masa masih lama juga masuknya , tolong donk di tindaklanjuti",mbak masa bulan bulan isi saldo dana banget proses top up masa masuknya tindaklanjuti,-1
"Knp setelah proses pembayaran jam selalu nambah kasih limit donk biar kita main puas dan bahagia jika memang game ini menghasilkan, ini namanya waising time terimakasih",proses pembayaran jam bertambah limit main puas bahagia permainan menghasilkan namanya waising time terimakasih,-1
Kak..cara bayar PLN non Tagihan Listrik kq gk ada...mohon di lengkapiii menu p3mbayaran PLN,kak cara bayar pln non tagihan listrik gak lengkapi menu mbayaran pln,-1
Mau tanya apakah nmr sakuku itu bisa diganti?? Karna nmr a sdh tdak aktif dan ada sejumlah uang didalam.a...diminta verifikasi dan nmr a sdh tdak aktif,tanya nomor sakuku diganti nomor aktif sejumlah uang didalam diminta verifikasi nomor aktif,-1
"Aplikasi banyak cerita...suruh top up ini top up itu,dapat promo ini itu,giliran top up dibatasi...walah kalo mau membantu jgn tanggung2..",aplikasi cerita suruh top up top up promo giliran top up dibatasi walah membantu tanggung,-1
"Mau isi saldo pertama 2jta, tapi baca review di bulan Juli 2021 kebanyakan komplain. Ngeri jadinya.",isi saldo pertama jta baca review bulan juli kebanyakan komplain ngeri jadinya,-1
Klo ada bintang 0 gua kasih bintang 0 Respon nya kurang . Orng ga bisa masuk di suruh kirim data saldo ter akhir sma riwayat transaksi . Udh 2 hari ga bisa masuk . Mau gmna klanjutan nya ini aplikasi saya atas nama candra hendarsah sangat kecewa,bintang bintang respon kurang orang masuk suruh kirim data saldo ter akhir riwayat transaksi udah masuk gimana klanjutan aplikasi atas nama candra hendarsah kecewa,-1
Beruntung sekali bagi yang special orang ter kasih  menerima saku Ku melalui BCA tanda  â¤  ( cinta itu ber ragam loh ),beruntung special orang ter menerima saku ku baca tanda cinta ber ragam loh,-1
"Aplikasi OVO ini bisa digunakan untuk pembayaran kepentingan yang lain, semoga bermanfaat untuk orang banyak buat kepentingan pembayaran yang lain nya. Terima kasih atas segala perhatiannya ğŸ™ğŸ™ğŸ™ğŸ™ğŸ™ğŸ™ğŸ™",aplikasi ovo digunakan untuk pembayaran kepentingan semoga bermanfaat untuk orang kepentingan pembayaran terima atas perhatiannya,1
"Kok setiap saya top up kok adminnya 1500 mahal amat mending ya kalo 500 itu nggak masalh tapi kurang nya kok banyak nggak kaya app yg lain seperti dana, link aja itu tidak ada biaya admin kok ovo ada sih? Apakah penghasilan dari app ovo ini kurang tolong dijawab developer sebelumnya tidak ada biaya admin",top up adminnya mahal lebih baik masalah kurang kayak app dana link biaya admin ovo penghasilan app ovo kurang dijawab developer biaya admin,-1
"Aplikasi ancrit ini kita ubah nomer hp sj ribet banget ,sdh dirubah lewat aplikasi masih disuruh tlp cs sampek habis 30rb plsa sy telp cs,& belum bisa login lg di nomer baru ...kecewa sy males dah pake OVO logout sj...",aplikasi ancrit ubah nomer handphone ribet banget dirubah lewat aplikasi disuruh telepon cs habis ribu pulsa telepon cs login nomer kecewa malas pakai ovo logout,-1
"Baru download semalam aplikasi masih bisa di buka tp ini hari terkunci kode pin salah, salah dari mana kode pin yg di masukkan jg sama dgn yg kemarin. Perbaiki dong aplikasinya klo mmg gak bisa di perbaiki mending di hapus kasihan dgn pengguna yg msh ada saldo atau melakukan pembelian dan pembayaran klo semua nyangkut di pihak ovo. Ingat kami ini cari uang dgn susah payah bukan mencuri. Tolong semua keluahan di tanggapi dgn serius. Ini masalah uang bukan sekedar aplikasi yg bermasalah.",download semalam aplikasi terkunci kode pin salah salah kode pin masukkan kemarin perbaiki aplikasinya perbaiki lebih baik hapus kasihan pengguna saldo melakukan pembelian pembayaran nyangkut pihak ovo ingat cari uang susah payah mencuri keluahan tanggapi serius masalah uang sekedar aplikasi bermasalah,-1
"Login akun ae di gawe mumet cok, wes komplain lewat opo ae malah di ubeng ubengno ae marai tambah mumet. Jane cs e iso menyelesaikan masalah pora nek raiso tutupen ae cok aplikasi dana merugikan banyak orang ğŸ¶ğŸ¶ğŸ¶",login akun kerja pusing cok wes komplain lewat ubeng ubengno marai tambah pusing jane cs iso menyelesaikan masalah pora nek raiso tutupen cok aplikasi dana merugikan orang,-1
"Kenapa yaa sudah 3 hari aplikasi Dana saya error. Setiap saya buka aplikasinya, selalu muncul notifikasi ""Dana tidak menanggapi"". Mohon bantuan perbaikannya.",ya aplikasi dana error aplikasinya muncul notifikasi dana menanggapi bantuan perbaikannya,-1
"Buset abis top up trus isi pulsa 200k malah ga kekirim2 parah, tp saldo udh kepotong pulsanya blm msk, saya mah mnta tanggung jawabnya aja",buset habis top up terus isi pulsa kekirim parah saldo udah kepotong pulsanya masuk mah minta tanggung jawabnya,-1
Sangat Kecewa.. Percuma punya saldo d dana tapi gk bisa di ambil. E-Ktp belum jadi tapi saya pake dokumen Lain (SIM C) Uda foto tapi Kok gagal trus..,kecewa punya saldo dana gak ambil ktp jadi pakai dokumen sim foto gagal terus,-1
"Aplikasi dompet digital yg bagus, Alhamdulillah verifikasi akun untuk upgrade ke dana premium sudah bisa meskipun awalnya tdk bisa verifikasi krn nik sudah terpakai padahal baru kali ini upgrade dana premium dgn nik, kedepannya bisa diperbaiki lagi apl dana ini agar penggunanya nyaman",aplikasi dompet digital bagus alhamdulillah verifikasi akun untuk upgrade dana premium awalnya verifikasi nik terpakai kali upgrade dana premium nik kedepannya diperbaiki apl dana penggunanya nyaman,1
"Ga bisa di buka , padahal udah bener pwnya Abis masukin pwnya pasti muncul ( Kata - kata anda ingin menghubungi Customer Service ? ) Pas di hubungi panggilan ini tidak dpat di lakukan ? Maksudnya gimana coba ? ***Dahlah saya turunin bintangnya dan uninstal***",benar pwnya habis masukkan pwnya muncul kata kata menghubungi customer service pas hubungi panggilan dpat lakukan maksudnya coba turunin bintangnya uninstal,-1
"Saya suka banget sama aplikasi ini. Aplikasi ini memudahkan saya untuk beli token listrik, beli pulsa, bayar gojek/grabfood. Pokoknya aplikasi ini membantu banget deh. Yuk segera download aplikasi ini !",suka banget aplikasi aplikasi memudahkan untuk beli token listrik beli pulsa bayar gojek grabfood pokoknya aplikasi membantu banget deh yuk download aplikasi,1
"Saya ingin melakukan upgrade ovo premier namun selalu gagal uplod foto e-KTP padahal kondisi e-KTP baik dan pencahayaan pun baik, mohon diperbaiki sistemnya, seperti aplikasi lain harusnya yang mempermudah penggunanya, maaf bintang 1",melakukan upgrade ovo premier gagal uplod foto ktp kondisi ktp baik pencahayaan baik diperbaiki sistemnya aplikasi mempermudah penggunanya maaf bintang,-1
"Aplikasi yg memudahkan trf antar bank, cuman yg kurang adalah masalah harga masih kalah jauh dengan harga di pasaran.",aplikasi memudahkan trf bank kurang masalah harga kalah jauh harga pasaran,1
Kalau log in ga bisa. Ada tulisan system sedang sibuk. Klik info aplikasi hapus data lalu log in lagi. Semoga membantu. Jangan selalu langsung menyalahkan pihak terkait. Toh kalian bacot aja tapi gabisa buat sendiri aplikasi dompet digital. Ketimbang bacot dan menghujat buat aja sendiri yang mix sesuai selera kalianğŸ¤£,log tulisan system sibuk klik informasi aplikasi hapus data log semoga membantu langsung menyalahkan pihak terkait banyak bicara tidak bisa aplikasi dompet digital ketimbang banyak bicara menghujat mix sesuai selera,-1
Insentif prakerja tgl 5 juni 2021 blm cair2 punya teman-teman pakai gopay dah cair semua,insentif prakerja tanggal juni cair punya teman teman pakai gopay cair,-1
"Tolong kenapa susah kirim uang? Muncul layanan sedang ditingkatkan dan anda dapat mencoba lagi beberapa saat"" tp kek gitu terus pdhl dh lama nunggu.",susah kirim uang muncul layanan ditingkatkan mencoba kayak terus deh menunggu,-1
"Baru install langsung top up, habis itu beli kuota internet. Saldonya kurang kuotanya gak masuk"" ğŸ˜‚ğŸ˜‚ğŸ˜‚ mantap sekali. Lapor via email gak ada respon ğŸ˜‚ Ini yg pertama dan terakhir bye bye",install langsung top up habis beli kuota internet saldonya kurang kuotanya masuk mantap lapor via email respon pertama terakhir bye bye,-1
"verfikasi gagal terus, akal-akalan BCA nih cuma mau ambil pulsa doang. Apanya yg bagus",verfikasi gagal terus akal akalan baca ambil pulsa doang apanya bagus,-1
"Aplikasinya bagus, namun sayang untuk bukti / faktur penjualan tidak bisa di edit.. Jdi kalo untuk pemakain pribadi enak... Namun kalo untuk jual, tidak dapat untng, karena bukti/faktur tidak bosa di edit",aplikasinya bagus sayang untuk bukti faktur penjualan edit jadi untuk pemakain pribadi enak untuk jual untng bukti faktur bosa edit,1
"Sebenernya agak kecewa sih..soalnya aku kan masih plajar mau punya penghasilan sendiri,,eh tau2 nya klo mau tarik tunai harus upgrade dulu ke premium, pdhl blm punya KTP, jd saldo dana yg aku kumpulin itu cuma sia2 doang,, aku minta kepada pihak dana nya supaya upgrade ke premium nya gk ush ribet bgt..byk jg peljr yg pkek apk dana, bukan cuma aku doangg.. supaya pengguna apk dana byk yg gk kecewa..btw tingkatkan lagii yaağŸ˜… Itu aja saran dari aku, thanks",kecewa soalnya plajar punya penghasilan eh tahu tarik tunai upgrade premium punya ktp jadi saldo dana kumpulin sia doang meminta pihak dana upgrade premium gak usah ribet banget peljr pakai aplikasi dana doangg pengguna aplikasi dana gak kecewa ngomong-ngomong tingkatkan ya saran terima kasih,-1
Mau beli paketan tidak bisa trs di cancel mlu.. emg akun saya kenapa.. saldo yg sudah ada sayang banget tdk bisa terpakai.. mau trf harus upgrade dlu payah,beli paketan terus batal malu akun saldo sayang banget terpakai trf upgrade payah,-1
"Menemukan aplikasi linkaja ini serasa menemukan jodoh, kenyamanan & keamanan. Mantap, pertahankan & terus kembangkan! Bisa digunakan untuk transaksi bayar di tokopedia, bayar bbm di mypertamina, ovo, gopay, bayar listrik, PDAM, pulsa, dll. Bahkan saya sudah gunakan untuk bayar tiket Kereta. Trima ksh linkaja.",menemukan aplikasi linkaja serasa menemukan jodoh kenyamanan keamanan mantap pertahankan terus kembangkan digunakan untuk transaksi bayar tokopedia bayar bbm mypertamina ovo gopay bayar listrik pdam pulsa dan lain-lain gunakan untuk bayar tiket kereta terima kasih linkaja,1
"Sangat membantu dalam aktivitas sehari hari saya. Makasih banyak LinkAja, agar tetap komitmen dalam menjaga layanan dan menjadi lebih kedepannya.",membantu aktivitas sehari terima kasih linkaja tetap komitmen menjaga layanan menjadi kedepannya,1
Tolong dong untuk top up bisa dilakukan di alfa atau indomart . . Agak susah juga kalo mau top up lewat bank atau yg laen . .,untuk top up dilakukan alfa indoma susah top up lewat bank,-1
"Dulunya enak enak aja dipake, lancar"" aja, tapi kenapa kali ini error'. Saya transfer saldo dr Paypal ke dana, laporan transaksi di Paypal sudah selesai, tetapi uangnya blm masuk ke akun Dana. Tolong solusinya.",dulunya enak enak dipakai lancar kali error transfer saldo paypal dana laporan transaksi paypal selesai uangnya masuk akun dana solusinya,-1
"Ya ampun bener""ngecewain gak sih !!! Aku udh top up . Mau bayar""jadi susah. Masak pin udh bener salah trs !!!!!",ampun benar ngecewain udah top up bayar jadi susah masak pin udah benar salah terus,-1
"assalamualaikum mas ovo, saya mau kasih masukan nih boleh ga? boleh dong.. saya kan netijen. kalo bisa kedepannya bikin mesin atm setor tarik dong khusus buat ovo, lah ini anak saya pesantren bayar 27juta pake scan ovo ini.. kalo di transfer ke bank kan ada biaya adminnya. lah gimana anak saya ntar bayarannya kurang kepotong admin, coba dong mas ovo kasian saya. - dari saya yang anaknya bayaran pake ovo",menjadi seseorang alamualaikum mas ovo masukan netijen kedepannya mesin atm setor tarik khusus ovo anak pesantren bayar juta pakai scan ovo transfer bank biaya adminnya anak bayarannya kurang kepotong admin coba mas ovo kasihan anaknya bayaran pakai ovo,-1
Percuma ngasih keluhan di play store. Jawaban nya suruh balas lewat email itupun belum tentu ngasih solusi yg tepat balas pertanyaan aja belum tentu. Tolong berikan pelayanan yg baik & benar. Agar kami para pengguna akun DANA sangat merasa puas....,memberikan keluhan play store jawaban suruh balas lewat email itupun memberikan solusi tepat balas pertanyaan berikan pelayanan baik benar pengguna akun dana merasa puas,-1
saya sudah mengisi saldo dana dan akun saya tiba-tiba tidak bisa dibuat untuk transfer atau membayar apapun. saya sudah mencoba menghubungi cs lewat whatsapp dan email tetapi tetap tidak ada balasan padahal sudah lebih dari 1 minggu lebih saya menunggu. solusinya bagaimana ya? saya juga capek kalau uang saya ketahan terus dan ga bisa dipakai transfer,mengisi saldo dana akun tiba tiba dibuat untuk transfer membayar apapun mencoba menghubungi cs lewat whatsapp email tetap balasan minggu menunggu solusinya cape uang ketahan terus dipakai transfer,-1
"Kak saya kan udh masukin nomor saya tapi saya lupa pin nya saat saya pencet lupa pin kan nanti di kirim kode 4 digit, tapi ga terkirim",kak udah masukkan nomor lupa pin pencet lupa pin kirim kode digit terkirim,-1
"Sok...bnget, knp gw gagal melulu pas mau upgrade utk kirim uang, gw udah berusaha gak blur foto KTP dan foto muka gw..knp berkali2 gagal melulu sih...!! Jngan sok deh nyulit2in prosesnya, permudah dong urusan org lain, mnghina kamera hp gw ? Lw nya aja yg sok..., Belagu, males gw",sok banget gagal melulu pas upgrade untuk kirim uang berusaha blur foto ktp foto muka berkali gagal melulu sok deh nyulit prosesnya permudah urusan orang menghina kamera handphone sok belagu malas,-1
"Miris sekali banyak yg disalah gunakan untuk apk ini ,contonya penipuan online cuma dgn minta no rek 16 digit pada kartu tanpa memasukan pin otomatis saldo nya berada di atm tersebut terkuras abis oleh oknum yg tidak bertanggung jawab ,tolong ditindak lanjuti trima kasih",miris disalah gunakan untuk aplikasi contonya penipuan onlen meminta no rek digit kartu memasukan pin otomatis saldo berada atm terkuras habis oknum bertanggung jawab ditindak lanjuti terima kasih,-1
"Terima kasih atas kerja samanya dan penuh manfaat sekali, cepat tepat dan akurat dalam pelayanan, seandainya ada kekurangannya semoga kedepannya selalu update perbaikan. Mantap...",terima atas kerja samanya penuh manfaat cepat tepat akurat pelayanan seandainya kekurangannya semoga kedepannya update perbaikan mantap,1
Gw ngirim uang ke rekening tapi nggk masuk masuk tapi tulisan di riwayatnya berhasil tapi kok ini gk masuk masuk ke rekening... Pengiriman anehhhhh...,mengirim uang rekening masuk masuk tulisan riwayatnya berhasil gak masuk masuk rekening pengiriman aneh,-1
"Aku gk bs upgrade ke premium, susah verifikasi muka, males lah klo kyk gini, udah email gk di respon2",gak upgrade premium susah verifikasi muka malas kayak email gak respon,-1
"Terima kasih banyak aplikasi linkaja, membantu saya dalam membayar pln, pulsa, tv kabel, pdam dan transportasi. Saya dapat lebih mudah mengakses dengan baik, saya suka aplikasi linkaja,membantu saya dalam segala hal, semoga semakin maju kedepannya. Saya yakin kedepannya akan lebih membantu masyarakat Indonesia untuk memudahkan akses dalam pembayaran secara online, sukses yaa selalu semakin jaya jaya dan jaya",terima aplikasi linkaja membantu membayar pln pulsa tv kabel pdam transportasi mudah mengakses baik suka aplikasi linkaja membantu semoga maju kedepannya yakin kedepannya membantu masyarakat indonesia untuk memudahkan akses pembayaran secara onlen sukses ya jaya jaya jaya,1
Mau verifikasi supaya upgrade ke premium aja loadingnya sampai berjam jam. akhirnya tidak bisa di upgrade... Bintang satu aja ya Aplikasi paling ribet sedunia... Berat banget aplikasinya... Loding lama. Amat,verifikasi upgrade premium loadingnya berjam jam upgrade bintang satu aplikasi ribet sedunia berat banget aplikasinya loding,-1
"Sekarang beli pulsa,, bayar tagihan listrik,, pdam dan wifi tinggal klik klik beres semua lunas.. gak perlu keluar dan antri panas-panasan.. simpel praktis mudah..",beli pulsa bayar tagihan listrik pdam wifi tinggal klik klik beres lunas perlu keluar antri panas panasan simpel praktis mudah,1
Mengapa saya ingin masuk ke akun dana saya tidak bisa . dan kode otp nya tidak di kirim2 mhon bantuan anda !!! Sya memang baru gnti hp setelah sya dowload ulang dan instal lagi akun dana setelah ingin login malah kode otp tidak di kirim juga !!!! Mohon anda cekk kembali apa kendala nya atau akun dana sya terblokir,masuk akun dana kode otp kirim mhon bantuan ganti handphone dowload ulang instal akun dana login kode otp kirim cekk kembali kendala akun dana terblokir,-1
"Jangan download aplikasi ini. Aplikasi jadul. Upgrade ke premium ribet gak connect di dukcapil gak Terima KTP scan digital, KK scan digital. Maunya difotoin SOP jadul, CS jadul. Jangan donwload aplikasi ini",download aplikasi aplikasi jaman dulu upgrade premium ribet connect dukcapil terima ktp scan digital kakak scan digital maunya difoto sop jaman dulu cs jaman dulu donwload aplikasi,-1
"woy, saya beli pulsa 15ribu lewat ovo. pulsa ga masuk ko saldo hilang semua?// ngotak dikit lah",woy beli pulsa ribu lewat ovo pulsa masuk saldo hilang ngotak dikit,-1
"Knph ulasan gua di hpus aplikasi sampah, gua sebarin biar orang2 ngg teripu deng aplikasi tolol seperti ovo ini",knph ulasan hapus aplikasi sampah sebarin orang teripu deng aplikasi tolol ovo,-1
"Payah banget top up 100 ribu yang masuk cuma 99 ribu katanya yang 1000 biaya admin ini namanya pemerasan harusnya biaya top up itu di awal 101 ribu gitu biar ada kesepakatan, ini namanya maling saldo",payah banget top up ribu masuk ribu katanya biaya admin namanya pemerasan biaya top up awal ribu kesepakatan namanya maling saldo,-1
"Akan lebih baik bisa top-up via ATM bersama, ini bs mempermudah pengguna non nasabah bca.  Tambah fitur untuk bisa transfer ke virtual account dan juga transfer ke bank lain.  Tambah fitur isi flash.  Dengan begitu, sakuku akan lebih berkembang dan banyak pengguna.  Selama ini layanan sakuku masih setengah hati. Contohnya: Top-up aja hanya bisa via rekening BCA.",baik top up via atm mempermudah pengguna non nasabah baca tambah fitur untuk transfer virtual account transfer bank tambah fitur isi flash sakuku berkembang pengguna layanan sakuku setengah hati contohnya top up via rekening baca,-1
"kami top up udah seminggu gak masuk2 kok min. kami hubungi dana care, balasan nya selalu antrian penuh. kek mana ini. seperti gak tanggung jawab. mohon di respon dong. terima kasih",top up seminggu masuk min hubungi dana care balasan antrian penuh kayak tanggung jawab respon terima,-1
"Mau transfer ke rekening BCA ga bisa, setelah dimasukan no rekening dan nominal transfer, ga muncul atas nama penerima nya. Selain itu logo bca di pencarian seperti error",transfer rekening baca dimasukan no rekening nominal transfer muncul atas nama penerima logo baca pencarian error,-1
Makin lama makin kesel masa ga tf tf trus apa pngsinya aplikasi. Ini. Klo gitu ga bisa transfer. Woyyy bis di perbaiki ga ini aplikasi.... Saldo saya mebes.,kesal masa tf tf terus pngsinya aplikasi transfer woy bis perbaiki aplikasi saldo mebes,-1
"Aplikasi tak berguna..... Tdk bisa melakukan apa apa di aplikasi ini. Percuma aja download, hanya buang buang kuota saja. Saran saya bagi yg baru mau download, mending jgn download, sblm menyesal krna kuotanya sdh kepotong hanya utk download, tapi ga bisa dipakai sama sekali. Payaaaaaaahhh.....",aplikasi berguna melakukan aplikasi download buang buang kuota saran download lebih baik download seblum menyesal kuotanya kepotong untuk download dipakai payah,-1
Tingkat lagi utk kerjasama agar lebih memudahkan pembayaran ke berbagai pelayanan...cth pembayaran oksigen tv...biar lbih mudah jg terkontrol...makasihğŸ™,tingkat untuk kerjasama memudahkan pembayaran berbagai pelayanan cth pembayaran oksigen tv mudah terkontrol terima kasih,-1
"Aplikasinya semakin hari semakin nggam bagus mau log in uda verivikasih eh malah keluar lagi. Disuruh masukan nomer lagi.kalau nggak niat buat akun mending gak usa buat akun, memang uangya nggak seberapa tapi ngumpulin dari snack video yang harus sabar tpi giliran uda di tf ke DANA malah nggam bisa log in, itu aku nyari tambahan buat kebutuhan anakku,tolong perbaiki sekarang juga.",aplikasinya nggam bagus log verivikasih eh keluar disuruh masukan nomer niat akun lebih baik usah akun uangya ngumpulin snack video sabar giliran tf dana nggam log mencari tambahan kebutuhan anakku perbaiki,-1
Aplikasi dana tidak bisa terbuka setelah update. mencoba menghapus dan di download kembali tapu setelah verifikasi berhasil ehh kembali ke awal disuruh masukan nomor telepon berulang-ulang kali. Gitu aja terus smpe Raisa Folkow instagram ku. Kecewa,aplikasi dana terbuka update mencoba menghapus download kembali tapu verifikasi berhasil eh kembali awal disuruh masukan nomor telepon berulang ulang kali terus raisa folkow instagram ku kecewa,-1
"saya pengguna sakuku Baru ketika saya belanja ke indomart ternyata ketika mau pakai sakuku tidak bisa melayani padahal di indomart sudah ada fasilitas EDC dan pasti bisa dipakai bayar apakah sakuku cuma bisa dipakai di tempat yang telah diajak kerjasama,? bukankah di mesin EDC dimanapun bisa dipakai,?",pengguna sakuku belanja indomaternyata pakai sakuku melayani indomasudah fasilitas edc dipakai bayar sakuku dipakai tempat diajak kerjasama mesin edc dimanapun dipakai,-1
"Jujur, CS nya buat naik pitan.. pengen mengaktifkan krn sdh lama g aktif, tanya berbelit"" kyk saya bukan pemilik aja, nomor yg dipake telp ya nomor yg didaftarkan, nama ya sdh benar kq masih tanya yg lain"".. SUNGGUH MENJENGKELKAN",jujur cs naik pitan mengaktifkan aktif tanya berbelit kayak pemilik nomor dipakai telepon nomor didaftarkan nama benar tanya sungguh menjengkelkan,-1
"apl burik , gabisa di andelin , saya mau tf ke sesama ovo maupun bank susah nya minta ampun gagal terus ,eror kaga signal bagus . ini ovo bagus ga sih apl nya nyesel saya download nya , mau di hapus masih ada saldo di tarik selalu gagal kan pigoblogen",apl burik tidak bisa andelin tf ovo bank susah meminta ampun gagal terus eror signal bagus ovo bagus apl menyesal download hapus saldo tarik gagal pigoblogen,-1
Sebelum di update bagus aplikasinya tapi setelah di update ko malah gak bisa di buka aplikasinya. Cuma mentog dilogo terus balik lagi. Tolong untuk di perbaiki aplikasinya,update bagus aplikasinya update aplikasinya mentog dilogo terus balik untuk perbaiki aplikasinya,-1
Hallo saya baru pemakai dana dompet maaf baru saya kasih bintang 1...karna komentarnya luar biasa banget serem nih .....coba deh diperbaiki lagi semuanya hingga yg tadinya namamu sudah baik jadi lebih baik..bukan makin buruk dan juga sediakan fasilitas keluhan melalui telpon jangan email aja belum tentu semua pengguna bisa menghunakan email.....itu aja saran saya kalau tidak mau ditinggalkan pemakai jasa anda....tzx.....,halo pemakai dana dompet maaf bintang komentarnya luar banget seram coba deh diperbaiki namamu baik jadi baik buruk sediakan fasilitas keluhan telpon email pengguna menghunakan email saran ditinggalkan pemakai jasa tzx,-1
Untuk pengembalian dana yang gagal transfer lumayan cepat hanya butuh 1 hari semoga lebih baik lagi untuk kedepannya,untuk pengembalian dana gagal transfer lumayan cepat butuh semoga baik untuk kedepannya,-1
beli pulsa transfer uang cepat hitungan detik mudah2n bgus trus ga ada gngguan performa bgus lbih di tingkatkan lagi,beli pulsa transfer uang cepat hitungan detik mudah bagus terus gngguan performa bagus tingkatkan,-1
"Sya kasih bintang 5 nih, ngasih bintang juga enggak sebelumnya Tiba2 nelpon""kenapa bpknya kasih bintang 3 terhadap aplikasi ini"" Sya aja baru kasih bintang nih Note : semoga lebih baik lagi pelayanannya, semoga anda sadar",bintang memberikan bintang tiba nelpon bapaknya bintang aplikasi bintang note semoga baik pelayanannya semoga sadar,-1
parahhh...berat banget loadingnya...mau upraged ke premium gk bisa...mau beli pulsa gk bisa...tolong di perbaiki klo kya gini terus pindah ke yang lain dah,parah berat banget loadingnya upraged premium gak beli pulsa gak perbaiki kaya terus pindah,-1
"Saya pengguna lama dan sudah upgrade ovo premier, saat top up bisa , kenapa transfer ga bs? Padahal lg genting""nya nih, ada"" aja, udah nyoba sign out trs sign in lg tetep ga bs.. Tolong segera diperbaiki..",pengguna upgrade ovo premier top up transfer genting mencoba sign out terus sign tetap diperbaiki,-1
Kenapa gabisa tf ke bank astaga dlu enak apknya tu sekarang kok kaya gini.. Ada apa? Padahal. Sudah ovo premier. Dari dlu dan enak gtu tf kemana aja ini kok gabsa.. Mengecewakan,tidak bisa tf bank astaga enak apknya kayak ovo premier enak gitu tf kemana gabsa mengecewakan,-1
Saya mendownload link aja karna saya menggunakan untuk menghubungkan e-Wallet saya diakun prakerja. Yg katanya bagus n cpt pencairan dana. Tp saya sdh download sdh daftar dr tgl 14maret. N dana ditransfer tgl 15maret 2021 sampai sekarang dana insentif prakerjaku blm jg masuk n ditransfer. Padahal sdh saya upgrade...saya kecewa karna memakan waktu lama n tdk seperti yg saya bayangkan.,mendownload link menggunakan untuk menghubungkan wallet diakun prakerja katanya bagus cepat pencairan dana download daftar tanggal maret dana ditransfer tanggal maret dana insentif prakerjaku masuk ditransfer upgrade kecewa memakan waktu bayangkan,-1
Aplikasi apaan ini.. mau login aja susah harus isi data lagi.. mana datanya lupa lagi krena dah daftar lama... kenapa ga login pakai otp aja si... akhirnya saldo saya raib ratusan ribu... terimakasih sakuku,aplikasi login susah isi data datanya lupa daftar login pakai otp saldo raib ratusan ribu terimakasih sakuku,-1
"Sudah satu minggu sejak komentar dan penilain pertama, di suruh email ,email di balas sehari hingga dua hari padahal katanya 24 jam, jika aplikasi mengalami masalah mohon konfirmasi lewat ig dan media lainnya, agar kita sebagai pelangan tau, bukan hanya diam saja",satu minggu komentar penilain pertama suruh email email balas sehari dua katanya jam aplikasi mengalami masalah konfirmasi lewat ig media pelangan tahu diam,-1
"Costumer service nya payah, lambat banget pelayananya, uang kepotong hitungan detik, di responnya hitungan hari, sampai detik ini orderan saya belum di berikan, hanya di kasih alasan tidak memuaskan",costumer service payah lambat banget pelayananya uang kepotong hitungan detik responnya hitungan detik orderan berikan alasan memuaskan,-1
Sangat membantu sekali saya jualan jadi lebih mudah pakai dompet digital.. Bisnis jadi makin mudah.. Semoga untuk yang kedepan nya lebih baik lagi Dan lebih di permudah Kendala nya cuma sering dilay pas mau beli pulsa atau masuk dana bisnis harus menunggu dulu agak lama Semoga update yang kedepan nya bisa di perbaiki ğŸ˜ğŸ˜˜,membantu jualan jadi mudah pakai dompet digital bisnis jadi mudah semoga untuk kedepan baik permudah kendala dilay pas beli pulsa masuk dana bisnis menunggu semoga update kedepan perbaiki,1
"sakuku sangat membantu, hanya saja limit lnya terlalu kecil. harapan saya ada tambahan lagi fitur fitur menarik untuk pengalaman yang lebih maksimal",sakuku membantu limit lnya harapan tambahan fitur fitur menarik untuk pengalaman maksimal,1
Beberapa hari lalu saya sudah instal aplikasi dana. Hari ini saya buka aplikasi tapi diminta pin 6 digit. Ada opsi lupa pin dan saya tidak memakai opsi lupa pin. Sebelumnya aku masuk dengan 4 digit kode dikirim melalui sms. Jadi bagaimana ?,instal aplikasi dana aplikasi diminta pin digit opsi lupa pin memakai opsi lupa pin masuk digit kode dikirim sms jadi,-1
Sangat mengecewakan dulu yang sangat mudah dan proses cepat sekarang proses lemot kalau ngadu ke gmail gk ada jwaban hanya cuma suruh nunggu 1Ã—24 jam gitu trus walau sudah 1Ã—24 jam spertinya link aja tidak mengurus kompain customer,mengecewakan mudah proses cepat proses lambat mengadu gmail gak jwaban suruh menunggu jam terus jam link mengurus kompain customer,-1
"Dana Sangat membantu buat bertransaksi, aplikasi keren ITU DULU,,skrng lemot jadi susah buat transaksi apa aja ,,,kurang membantu untuk saat ini,, tlg diperbaiki Aplikasi DANA",dana membantu bertransaksi aplikasi keren lambat jadi susah transaksi kurang membantu untuk diperbaiki aplikasi dana,-1
"Ini gimana sih Dana, jaringan lancar, kuota juga masih banyak tapi kok ngelag terus, Pas mau masuk ke Dana juga lama banget prosesnya. Tolong donk di perbaikin!!",dana jaringan lancar kuota ngelag terus pas masuk dana banget prosesnya memperbaiki,-1
"Dana kenapa ko uang saya yg saya kirim ke rekening BCA ko ga terkirim stts nya ""MENUNGGU"" tp dana yg disaldo dh kepotong ya,,itu uangnya kmn?? Krn ga masuk ke rekening yg dtuju sm skli,,yg tadinya 600rb udah jd 550rb?? Tolong drespon ya pihak dana..",dana uang kirim rekening baca terkirim stts menunggu dana disaldo deh kepotong uangnya kemana masuk rekening dtuju ribu jadi ribu drespon pihak dana,-1
"Aplikasi ini sangat membantu. Di daerah saya tukang jual token listrik sangat jauh. Untungnya saya ketemu sama aplikasi Linkaja. Jadi, saya tidak perlu lagi jauh-jauh beli token listrik, tinggal klik aja langsung dapat. Terima kasih Linkaja. Buat kamu yang masih ragu buruan download dan daftar. Biar kamu gak menyesal. Linkaja benar-benar sangat membantu dan tentu saja gratis.",aplikasi membantu daerah tukang jual token listrik jauh untungnya ketemu aplikasi linkaja jadi perlu jauh jauh beli token listrik tinggal klik langsung terima linkaja ragu buruan download daftar menyesal linkaja benar benar membantu gratis,1
"Tadi saya gajian, di kirim ke akun ovo.ku cepet banget, tapi pas mau di tarik ke akun rekening ğŸ˜‚ EROOORRRRRRRRRR",gajian kirim akun ovo ku cepat banget pas tarik akun rekening eror,-1
"Masuk top 5 aplikasi e-wallet paling populer tapi yang paling nggak amanah dan jelas dengan sistem cashbacknya. Nunggu dikomplain dulu, baru diproses, dan masuk. Riwayat dan notifiksi cashback yang masuk ke saldo bonus juga tidak bisa ditelusuri: transaski yang mana, berapa besarannya cashbacknya detailnya, payah aplikasi e-wallet kelas BUMN milik negara begini?! Diketawain sama swasta yang aplikasi e-walletnya lebih prudent dan jelas.",masuk top aplikasi wallet populer amanah jelas sistem cashbacknya menunggu dikomplain diproses masuk riwayat notifiksi cashback masuk saldo bonus ditelusuri transaski besarannya cashbacknya detailnya payah aplikasi wallet kelas bumn milik negara diketawain swasta aplikasi walletnya prudent jelas,-1
"Maaf,saya edit ulasan saya karena saya ingin memgucapkan terimakasih DANA sudah menjadi partmer terbaik dalam setiap transaksi keuangan saya selama ini. Tetap semangat dan teruslah berkembang untuk menjadi yang terbaik.",maaf edit ulasan memgucapkan terimakasih dana menjadi partmer terbaik transaksi keuangan tetap semangat teruslah berkembang untuk menjadi terbaik,-1
"dasar aplikasi T0L0L kalo mau mau ngeluarin akun itu kasih tau dulu lah T0L0L ! sudah tau nomor ovo saya sudah tidak aktif lagi Malah akun saya di keluarin tanpa bilang2 memang aplikasi K0Nt0L duit saya nyangkut 500 rb B4NG54T Lo,Mau ganti nomor malah dipersulit KONT0L!!!! B4Bi",dasar aplikasi mengeluarkan akun tahu tahu nomor ovo aktif akun mengeluarkan bilang aplikasi duit nyangkut ribu ng ganti nomor dipersulit kont bi,-1
"Aplikasi s e _ t n!!!padahal pin nya bener,malah minta verifikasi nomor!! Nomor lama udah gapake,sayang uang didalamnya!! Aplikasi merugikan org!!!",aplikasi pin benar meminta verifikasi nomor nomor enggak pakai sayang uang didalamnya aplikasi merugikan orang,-1
"Ovo sekarang tambah ribet konsumen sdh kena potong 1000,,transfer sesama ovo gagal eror terus,,pokok nya OVO makin hancur nggak usah lah pakek OVO dari pada dana nggak terpakai",ovo tambah ribet konsumen kena potong transfer ovo gagal eror terus pokok ovo hancur perlu pakai ovo dana terpakai,-1
Apk nya sangat bagus sekali tapi kenapa yaa saya isi pulsa tiga kali berturut-turut ko ga nyampe ya dan saldo kepotong biasanya ga seperti itu,aplikasi bagus ya isi pulsa tiga kali berturut turut saldo kepotong,-1
Sakuku. namanya juga saku(kantong)ku(bca) uang hilang lari ke kantong bca bukan tanggung jawab kami hiyahiyahiya,sakuku namanya saku kantong ku baca uang hilang lari kantong baca tanggung jawab hiyahiyahiya,-1
astaga sinyal ovo bapuk. lagnya jangan malem malem dong butuh pulsa nih. lagi pen beli pulsa malah ga bisa jir,astaga sinyal ovo bapuk lagnya malam malam butuh pulsa pengen beli pulsa anjing,-1
"Knpa sekarang aplikasi dana ini.Setiap saya masuk/login selalu ada peringatan ""anda ingin menghubungi custumer server"", Tolong lah kpd yth aplikasi dana segera di perbaiki lagi.Gimana saya mau masuk nya?",aplikasi dana masuk login peringatan menghubungi custumer server yang terhormat aplikasi dana perbaiki masuk,-1
Ko ovo invest punya saya pas mau jual lama banget si di tunggu juga pas lagi butuhnya padahal mau jual ovo invest nya eh lama di tungguin juga di ketik gabisa apaÂ² ada solusinya kah admin?,ovo invest punya pas jual banget tunggu pas butuhnya jual ovo invest eh tungguin ketik tidak bisa solusinya kah admin,-1
haallo pihak dana kenapa ketika melakukan bantuan melalui whatsab tidak bisa dan di akihkan ke dalam from saya mengalami kerugian yang cukup besar memakai aplikasi ini!! memproses tiket lama kalau mau ngeriperr member gak gini!!!!,haallo pihak dana melakukan bantuan whatsab akihkan mengalami kerugian cukup besar memakai aplikasi memproses tiket ngeriperr member,-1
"kurang lengkap , blum ad menu untuk beli token PLN, untuk beli pulsa telkom minimal Rp 25000, tidak ada yang Rp 10000. sakuku blum terdaftar di metode bayar bukalapak , lazada tokopedia dan toko online yang lainya.",kurang lengkap menu untuk beli token pln untuk beli pulsa telekomunikasi minimal rp rp sakuku terdaftar metode bayar bukalapak lazada tokopedia toko onlen lainya,-1
"Bener bener kapok! Saya isi saldo 300rb di rekening kepotong saldo ga masuk masuk, sudah komplain suruh nunggu 3hari, ini sudah merugikan nasabah saya akan laporkan ke OJK & Media Konsumen, Tolong hati2 klo transaksi menggunakan LinkAja uang kita tidak aman malah dirugikan!! Saat Pandemi malah mengambil hak orang lain",benar benar kapok isi saldo ribu rekening kepotong saldo masuk masuk komplain suruh menunggu merugikan nasabah laporkan ojk media konsumen hati transaksi menggunakan linkaja uang aman dirugikan pandemi mengambil hak orang,-1
Kecewa euy pengalaman pertama beli pulsa pake voucer ... Malah di refund dan voucher ilangğŸ˜¡ğŸ˜¡ğŸ˜¡ tp overall oke sih,kecewa euy pengalaman pertama beli pulsa pakai voucer refund voucher hilang overall oke,-1
"Parah gara"" update ga bisa masuk dana lgi , tiba"" keluar sendri .. Bagai mana ini?? Tau gitu ga akan aku update .. Mengecewakan penguna",parah gara update masuk dana tiba keluar tahu update mengecewakan penguna,-1
Kenapa aplikasi dana makin kacau aja .. Aplikasi selalu eror mau trnsaksi pulsa maupun trnsksi transfer dll..mohon segera d perbaiki kita butuh saldo nya untuk d ambil,aplikasi dana kacau aplikasi eror trnsaksi pulsa trnsksi transfer dan lain-lain perbaiki butuh saldo untuk ambil,-1
Saya beli paketan pulsa indosat 74.500 pertama saya bli gagal saya coba lagi berhasil. Saldo saya sudah terpotong paketan saya gk masuk. Kecewa sih,beli paketan pulsa indosat pertama beli gagal coba berhasil saldo terpotong paketan gak masuk kecewa,-1
"kenapa ada sakuku & sakuku plus. ?  kenapa harus berbeda ? padahal fungsi nya sama , !!  cuma yg membedakan di saldo maximum .  saran : buat satu aplikasi saja sudah cukup, saldo di tambahkan . biar cukup satu kali registrasi . simple jadi nya ğŸ˜Š",sakuku sakuku plus berbeda fungsi membedakan saldo maximum saran satu aplikasi cukup saldo tambahkan cukup satu kali registrasi simple jadi,-1
Gimn tanggu jawab ovo ini gakjelas saya sudah top sebesar 195000 dibengking saya sudah terkirim..masak gak masuk ke saldo ovo saya tolong ditanggapi masalah topup.. Ini.,tanggu jawab ovo gakjelas top sebesar dibengking terkirim masak masuk saldo ovo ditanggapi masalah topup,-1
"Kalo fitur didalam belum siap, jangan dipasarkan lah,, Saya komplen dana terdebet double dari tanggal 2 juli 2021, cuma di minta ulang ulang telf balik, telf balik... Kalo dihitung2 pulsa nelf sama dana terdebet lebih besar pulsa nelf ... paraaaahhhhh ....",fitur didalam siap dipasarkan komplen dana terdebet double tanggal juli meminta ulang ulang telf balik telf balik dihitung pulsa nelf dana terdebet besar pulsa nelf parah,-1
Aplikasi ruwet beli pulsa 2x barengan anehnya pembelian kedua yg nominal lebih kecil malah yg masuk yg pertama lebih besar malah ga masuk2 udh gitu motong saldo lagi. Ruwet telpon cs hasilnya sama aja sampai biaya telpon lebih gede dr pulsa yg dibeli.. Bener2 emang ini aplikasi kalo cari duit kebangetan.. Kok bisa2nya KAI gandeng apkikasi kek gini. Klo ga karena KAI najis gw benernya pake aplikasi ini,aplikasi ruwet beli pulsa barengan anehnya pembelian kedua nominal masuk pertama besar masuk udah motong saldo ruwet telpon cs hasilnya biaya telpon gede pulsa dibeli benar aplikasi cari duit kebangetan kai gandeng apkikasi kayak kai najis benernya pakai aplikasi,-1
"Dana saya sudah di kembalikan oleh pihak ovo dalam bentuk saldo ovo .. namun tetap saja saya kecewa dari awal membuat saya buang tenanga dan waktu untuk mengkonfirmasi lewat kedua belah pihak, next jangan di ulangi yah ovo tingkatkan pelayanan dan service yang baik untuk coutemer.. terimakasih",dana kembalikan pihak ovo bentuk saldo ovo tetap kecewa awal membuat buang tenanga waktu untuk mengkonfirmasi lewat kedua belah pihak lanjut ulangi ya ovo tingkatkan pelayanan service baik untuk coutemer terimakasih,-1
Untuk prakerja lambat banget pengiriman nya. Padahal jadwal tanggal 3 udah cair tapi sampe tanggal 9 gak cair2. Aplikasi jelek lambat !,untuk prakerja lambat banget pengiriman jadwal tanggal cair tanggal cair aplikasi jelek lambat,-1
"Ovo LG ada masalah apa sih,? sampe sampe saya sndiri gk bisa login ke akun pribadi,? Kirain cuma akun teman gw doang yg begini, ternyata w juga ngalamin hal yg sama, apa perlu saya riport??????",ovo masalah gak login akun pribadi mengira akun teman doang ternyata ngalamin perlu ripo,-1
Susah dibuka...transfer uang tdk bisa diambil krn aplikasi tdk bisa dibuka...dpt satu bintang sdh luarbiasa pingin tdk ada bintang buat aplikasi dana...!!! Knp hrs buka pengeluhan klo hrs via email... sangat mengecewakan tauuuuu!!!!,susah dibuka transfer uang diambil aplikasi dibuka satu bintang luarbiasa pengin bintang aplikasi dana pengeluhan via email mengecewakan tahu,-1
Mempersulit untuk top up di proses nya lama kena tipu lagi kode nya gak masuk masuk uang nya hilang asu asu,mempersulit untuk top up proses kena tipu kode masuk masuk uang hilang asu asu,-1
"Kenapa sih OVO, sebel bgt dah, udah di top up tapi ternyata gabisa pake belanja di indomaret atau alfa, kalo mau top up cuma pake BCA doank, pake bank yg laen kena admin, percuma diupdate",ovo sebel banget top up ternyata tidak bisa pakai belanja indomaret alfa top up pakai baca doang pakai bank kena admin diupdate,-1
ayo apus ovo skrgg!!! saya verivikasi drtd nomor nya kaga masuk . sangat merugikan . pake dana aja lebih bersahabat!!!!!!mana saya habis transfer dari dana ke ovo. sangat merugikan duit nya ga masuk !!!,ayo hapus ovo skrgg verivikasi dari tadi nomor masuk merugikan pakai dana bersahabat habis transfer dana ovo merugikan duit masuk,-1
saya sudah lama instal sakuku dan sering kali sll ada notifikasi card sim tdk teregistrasi / reinstal. padahal kartu sim sy g pernah dipindah2. sy cb reinstal mo daftarin sll gagal karna sms verifikasi gagal karna no tdk aktif.. padahal no yg dipakai masih banyak pulsa dan masa aktifnya masih sangat panjang.. mana saldo masih ada,instal sakuku kali notifikasi card sim teregistrasi reinstal kartu sim dipindah coba reinstal daftarin gagal sms verifikasi gagal no aktif no dipakai pulsa masa aktifnya panjang saldo,-1
"Saat-saat urgent, pakai acara daily limit...CS di tanya gk ada solusi juga (disuruh tunggu). Padahal saya sudah bilang beneran urgent dan saya butuh dana...!!!",urgent pakai acara daily limit cs tanya gak solusi disuruh tunggu bilang benaran urgent butuh dana,-1
"Semenjak di update salah kode security terus, padahal uda benar kode security-nya, Error ini Aplikasi OVO nya min. Jdi ngk nyaman dalam bertransaksi lewat OVO ini.",semenjak update salah kode security terus benar kode security error aplikasi ovo min jadi nyaman bertransaksi lewat ovo,-1
"Hadeeh..aku baru aja mau pake ovo buat bayar toped, tapi kok banyak komen negatif nya gini ya..jadi il'fil deh..takut nanti malah ke tahan saldonya juga ..hmm padahal baru daftar nih,..apa di uninstall aja lagi ya... Kira2 aman gak ya pake ovo?..",hadeeh pakai ovo bayar toped komen negatif jadi il fil deh takut tahan saldonya hmm daftar uninstall kira aman pakai ovo,-1
"Bisa di tambahkan maps untuk letak ATM pengambilan sakuku , karena masih minim nya ATM yang bisa tarik tunai sakuku, dan tolong di tambahkan juga transfer ke rekening lain nya agar lebih memudahkan.  Thx",tambahkan maps untuk letak atm pengambilan sakuku minim atm tarik tunai sakuku tambahkan transfer rekening memudahkan terimakasih,-1
"Ni aplikasi berat amat ya? Saya pk android 6, mau ugrade full service gagal terus difoto ktp katanya tdk terbaca. Saya coba pake android 5.1, malah berhenti di logo linkaja terus gak bisa masuk. Solusinya dong?",aplikasi berat penjahat kelamin android ugrade full service gagal terus difoto ktp katanya terbaca coba pakai android berhenti logo linkaja terus masuk solusinya,-1
"Makin boros skrng, harga naik bbrpa rupiah terus transfer ke bank ad biaya nga sekarang trs skrng isi saldo aja ada fee ny(potongan) 1000k utk d bwh 100k mulai lintah darat",boros harga naik rupiah terus transfer bank biaya terus isi saldo fee potongan untuk bwh mulai lintah darat,-1
Ribet brapa kli gagal.. Smoa data ktp udh jelas..masih gagal.. Meningan di delete lg ..,ribet kali gagal smoa data ktp udah jelas gagal meningan delete,-1
"Mohon diperbaiki, dari awal bulan Agustus ini saya tidak bisa buka aplikasi Dana. Udah masukin nomor + pin, Disuruh masukin kode OTP via SMS tpi tidak ada SMS yg masuk, tolong segera diperbaiki",diperbaiki awal bulan agustus aplikasi dana masukkan nomor pin disuruh masukkan kode otp via sms sms masuk diperbaiki,-1
Gimana sih saya udah top up 360.000 dari seminggu lalu saldo gak nambah nambah gimana sih apk ini pokoknya saya mau hari ini saldo saya harus nambah kalau gak lihat aja nanti saya hubungi via email dan sms gak ada respon sama sekali tuh,top up seminggu saldo bertambah bertambah aplikasi pokoknya saldo bertambah lihat hubungi via email sms respon,-1
"Hy dana !!!! Kenapa yaa aplikasi saya selalu harus memasukkan no otp ??? Padahal akun saya sudah terdaftar . Setiap mau buka dana , masukkin pin lalu otp . Kenapa ????",hai dana ya aplikasi memasukkan no otp akun terdaftar dana masukkin pin otp,-1
"Mohon kerjasama nya,akun dana saya sudah premium ,tpi kok ga bisa transfer ke akun bank ? Malah yg keluar tulisan maaf akun anda belum terverifikasi , Tolong bantu annya kak",kerjasama akun dana premium transfer akun bank keluar tulisan maaf akun terverifikasi bantu annya kak,-1
"Saya baru saja bikin akun dana dan langsung verifikasi agar bisa menarik dana dari tik tok ke dana dan tiba"" Keluar dan suruh masuk lagi dan di situ ada bacaan aman kan akun anda lah sedangkan saya sendiri yg mau masuk",akun dana langsung verifikasi menarik dana tik tok dana tiba keluar suruh masuk situ bacaan aman akun masuk,-1
"Kenapa si dana skrng menurun amat system nya, saya biasa bayar tagihan wifi, pulsa listrik, beli paket data pakai dana ko suka ilang fiturÂ² pembayaran nya aneh skrng",dana menurun system bayar tagihan wifi pulsa listrik beli paket data pakai dana suka hilang fitur pembayaran aneh,-1
"ini app waktu pake OS kitkat bisa malah setelah pakai OS lollypop malah bisa dibuka tapi tulisannya "" maaf ponsel tidak dapat melakukan registrasi sakuku hub halobca di 1500888 ditelp solusi tdak dpt malah pulsa terpotong 40rb'an.... :--(",app waktu pakai os kitkat pakai os lollypop dibuka tulisannya maaf ponsel melakukan registrasi sakuku hubungi halobca ditelp solusi pulsa terpotong ribu an,-1
"Saya sangat kecewa dengan pelayanan dana care, sampai saat ini komplain saya tidak diselesaikan. Padahal saya sudah mengajukan komplain ke email dana care dari jam 13.56 hari ini tgl 14 Juni. Tolong disegerakan",kecewa pelayanan dana care komplain diselesaikan mengajukan komplain email dana care jam tanggal juni disegerakan,-1
Yg ga ngerti pake dana gausah di instal....orang apk ini nyaman banget kalo mau narik uang ke alfa dan saya kalo beli kuota bayar nya pake dana kalo mau beli apa apa juga pake dana sumpah nyaman bangetğŸ¥°,mengerti pakai dana tidak usah instal orang aplikasi nyaman banget menarik uang alfa beli kuota bayar pakai dana beli pakai dana sumpah nyaman banget,-1
"Susah masuk dana premium, di chat ngak di balas balas, lambat, kurang senang......... Kurang respon.",susah masuk dana premium chat nggak balas balas lambat kurang senang kurang respon,-1
"Kenapa akun saya tidak bisa login. Pas masukin nomor dan pin muncul tulisan "" Kamu tidak aktif terlalu lama "" Cara aktifin nya bgaimana min. Tolong di respons",akun login pas masukkan nomor pin muncul tulisan aktif cara aktifin bgaimana min respons,-1
muhammad faisal tolong beli saya mobil 4mobil. antar kerumah bawa duit ces 5 ratus juta.,muhammad faisal beli mobil mobil kerumah bawa duit ces ratus juta,1
Maaf agak kecewa... Kok gk bisaa isi plz maupun pembayaran di Lazada kenapa yah padahal saldo sudah terisi data sudah di lengkapi tapi kenapa tdk bisa,maaf kecewa gak isi plz pembayaran lazada ya saldo terisi data lengkapi,-1
Ovo sangat mudah di gunakan dan pelayanan serba cepat....jadi menurut saya sangat recomended bgt utk memudahkan transaksi2 kita dari rumah...,ovo mudah gunakan pelayanan serba cepat jadi menurut recomended banget untuk memudahkan transaksi rumah,1
Kemudahan dalam transaksi membuat pengguna dilayani akan kenyamanan pembayaran. DANA menjaga pengguna dengan pelayanan yang mengedepankan prinsip financial konsistensi. semoga DANA terus berkembang hingga sejajar dengan E-wallet lainnya.,kemudahan transaksi membuat pengguna dilayani kenyamanan pembayaran dana menjaga pengguna pelayanan mengedepankan prinsip financial konsistensi semoga dana terus berkembang sejajar wallet,1
"Aplikasi DANA ini wajib di UNINSTALL bagi seluruh rakyat indonesia . Karena kinerja sistem dan para team nya makin kesini kelihatan semakin buruk dan jelek . Dari cara penanganan masalah pengguna yang sudah menghubungi lewat email . Whatsapp . Dan telepon pun respon nya sangat lama dan banyak sekali yang tidak menemui solusi dengan kata lain gagal penanganan masalah bagi para customer / pengguna nya . Untuk DANA jika anda tidak mampu memuaskan para pelanggan , lebih baik anda MUNDUR .",aplikasi dana wajib uninstall rakyat indonesia kinerja sistem team kesini kelihatan buruk jelek cara penanganan masalah pengguna menghubungi lewat email whatsapp telepon respon menemui solusi kata gagal penanganan masalah customer pengguna untuk dana memuaskan pelanggan baik mundur,-1
"Mohon maaf, Saya bagi bintang satu, karena, saya melakukan pembayaran melalui kode QRIS, Saldo Dana Sudah terpotong, tetapi QRIS tujuan Belum Menerima Uang Dari Dana, Tanya di whatsapp di suruh ke email, Tanya ke email di suruh ke whatsapp Terus ninta tolong sama siapa payah ğŸ¤¦â€â™‚ï¸ğŸ¤¦â€â™‚ï¸ğŸ¤¦â€â™‚ï¸ğŸ¤¦â€â™‚ï¸",maaf bintang satu melakukan pembayaran kode qris saldo dana terpotong qris tujuan menerima uang dana tanya whatsapp suruh email tanya email suruh whatsapp terus ninta payah,-1
. Apk jjjjjjjjjjjjjjjjjjreeeeeeeeeeeeeeeeeellllllllllleeereeeeeeeeeeeekkkkkkkkkkkkkkkkkkkkkkkkk gila beneran . Banyak bgtt yg complen tidak bisa narik saldonya soalnya ada kataÂ² sistem sedang sibuk mulu pada saat mau ngirim ke rekening bank,aplikasi jrelerek gila benaran banget complen menarik saldonya soalnya kata sistem sibuk terus mengirim rekening bank,-1
"sudah menghubungi cs by email, sudah kirim ktp dll, tpi tetap saja belum bisa upgrade ke primer karena ktp rusak",menghubungi cs by email kirim ktp dan lain-lain tetap upgrade primer ktp rusak,-1
"Tampilan aplikasi sangat mudah untuk dimengerti dan desainnya bagus. Aplikasi Link Aja juga dapat membayar pendidikan, jadi tidak perlu ke bank lagi untuk membayar UKT. Selain itu, bisa beli investasi juga.",tampilan aplikasi mudah untuk dimengerti desainnya bagus aplikasi link membayar pendidikan jadi perlu bank untuk membayar uang kuliah tinggal beli investasi,1
Awalnya bagus... Tapi kayakx aplikasi ini mencuri deh sumpah... Masa saldo 15 ribu. Top up 5 ribu.. Cek saldo d dana ko tinggal 11 ribu... Ngga naik mlah turun.,awalnya bagus kayakx aplikasi mencuri deh sumpah masa saldo ribu top up ribu cek saldo dana tinggal ribu naik turun,-1
"Dana burik lahhhh, msa beli pulsa saldo berkurang tp pulsa nggak masukk!!hbis itu dah nggak ada notif lg",dana burik masa beli pulsa saldo berkurang pulsa masukk habis notif,-1
"Aplikasinya ngeselin, mau transfer disuruh upgrade. Giliran mau di upgrade susah banget. Seperti mau ngurus ke capil aja. App lebay..",aplikasinya mengesalkan transfer disuruh upgrade giliran upgrade susah banget mengurus capil app berlebihan,-1
"Saya udah punya saldo di dana ,pas mau di tarik harus veripikasi ke premium ,pas di klik slalu gagal di upload foto ,udah coba klik di bantuan ga ada respon sampai sekarang jadi uang saya belom bisa di tarik",punya saldo dana pas tarik veripikasi premium pas klik gagal upload foto coba klik bantuan respon jadi uang tarik,-1
"Dulu pertama masuk DANA sedikit ragu,tp setelah saya masuk ke DANA ternyata sangat memuaskan dan tidak ragu lagi,kalau saja ada bintang 10 pasti saya kasih,pokoknya dua jempollah buat DANA,sukses selalu..salam dari saya.",pertama masuk dana ragu masuk dana ternyata memuaskan ragu bintang pokoknya dua jempollah dana sukses salam,-1
"Saya mau bertanya, apa di LinkAja sedang tidak bisa melakukan Pembayaran BPJS Kesehatan karena saya masukan nomor VA tidak bisa, padahal nomor VA (Virtual Account) sudah betul.",bertanya linkaja melakukan pembayaran bpjs kesehatan masukan nomor va nomor va virtual account betul,-1
"Sebuah aplikasi yang sangat sangat membantu dalam segala hal, dari mulai pembayaran digital seperti belanja online, beli pulsa, token listrik dll. Pokonya buat pihak aplikasi mohon pertahanin pelayanannya jangan sampai para konsumennya merasa kecewağŸ™ğŸ™ğŸ™",aplikasi membantu mulai pembayaran digital belanja onlen beli pulsa token listrik dan lain-lain pokoknya pihak aplikasi pertahanin pelayanannya konsumennya merasa kecewa,1
"Selamat sore pak, bagaimana cara Buka Blokir linkaja? Soalnya sya lupa pin dan sdah terblokir lama, solusinya kah pak/ibu??",selamat sore pak cara blokir linkaja soalnya lupa pin terblokir solusinya kah pak ibu,-1
"ini gimana saya udah nunggu 24jam masa masih gabisa login, ada transaksi yg urgent malah diprosesnya lama, sudah diemail masih tidak membantu, malah disuruh nunggu mulu",menunggu jam masa tidak bisa login transaksi urgent diprosesnya diemail membantu disuruh menunggu terus,-1
Mantul banget skarang simpel praktis gk perlu bukak rekening ke bank cukup dengan apk link semua bisa gaes dan bisa tranfer ke semua bank lagi enak tuh gak ada admin pula Dan untuk link sendiri tingkatkan lagi ya kinerja nya semoga diberi panjang umur dan rejeki lancar......Amin.... Tolong ya agar 24 jam oprasional nya soalnya tman saya kadang minta pulsa tngah malam hehee ...,mantul banget simpel praktis gak perlu rekening bank cukup aplikasi link guys tranfer bank enak admin untuk link tingkatkan kinerja semoga diberi panjang umur rezeki lancar amin jam oprasional soalnya teman kadang meminta pulsa tngah malam hehee,1
"saran buat app sakuku,mohon untuk menambahkan fitur transfer bank bersama,seperti transfer ke bank BRI,Mandiri,Bank Sinarmas,Maybank,BNI,Dan Lainnya.,ini dapat memudahkan pengguna sakuku dalam transfer bank lain.",saran app sakuku untuk menambahkan fitur transfer bank transfer bank bri mandiri bank sinarmas maybank bni memudahkan pengguna sakuku transfer bank,1
Bagus tapi saran sy menu di perbanyak lg untuk transaksi onlain.seperti bayar/beli token listrik..dan dan bayar ke toko onlain..,bagus saran menu perbanyak untuk transaksi onlain bayar beli token listrik bayar toko onlain,1
"Beli pulsa proses trus saldo sudah terpotong pulsa tidak terkirim, beli token 100 ribu proses trus saldo sudah terpotong transaksi gk jelas no token gk ada,, PARAH",beli pulsa proses terus saldo terpotong pulsa terkirim beli token ribu proses terus saldo terpotong transaksi gak jelas no token gak parah,-1
"Saya membeli paket internet by.u dengan menggunakan Ovo, tertulis kalau transaksi harus dilakukan dalam waktu 30 detik. Tapi belum sampai 1 detik transaksi tidak bisa dilakukan. Saya tidak tau permasalahannya di aplikasi by.U atau Ovo, tapi hal seperti ini tidak pernah saya alami saat menggunakan ATM atau aplikasi G****",membeli paket internet by menggunakan ovo tertulis transaksi dilakukan waktu detik detik transaksi dilakukan tahu permasalahannya aplikasi by ovo alami menggunakan atm aplikasi,-1
"Admin saya mau Menganti nomor telpon saya karna nomor saya sudah di blokir, dan saya sudah memverifikasi KTP dan saya ingin menggunakan aplikasi dana untuk bertransaksi, mohon bantuannya untuk Menganti nomor telpon saya yang sudah di blokir Terima kasih Salah hormat",admin menganti nomor telpon nomor blokir memverifikasi ktp menggunakan aplikasi dana untuk bertransaksi bantuannya untuk menganti nomor telpon blokir terima salah hormat,-1
"Ada apa sih dgn DANA, setiap baru buka apk langsung keluar lagi. Udah update tapi tetep bgtu terus. Tolong dong dtanggapin, saya butuh melakukan transaksi",dana aplikasi langsung keluar update tetap terus dtanggapin butuh melakukan transaksi,-1
"Untuk developer, mohon di tambahkan fitur pengaman seperti finger print dan verifikasi wajah, dan untuk pin log in mohon di buat seperti VA tetangga tiap close atau tutup aplikasi langsung terkunci Terimakasih sebelumnya",untuk developer tambahkan fitur pengaman finger print verifikasi wajah untuk pin log va tetangga close tutup aplikasi langsung terkunci terimakasih,1
"Alhamdulilah Pihak Dana Sudah Me-Refund dan mengembalikan Saldo Dana Saya Kembali ,Tingkatkan Terus Kualitasmu Agar Selalu Terjaga Kepercayaan nya ,Dan Masukan Dari Saya Tolong Untuk Pihak CS agar lebih ditingkatkan lagi pelayanan ke konsemen nya biar tidak selalu sibuk mulu . Sukses slalu dana dan makasih banyak pengertian nya .",alhamdulilah pihak dana me refund mengembalikan saldo dana kembali tingkatkan terus kualitasmu terjaga kepercayaan masukan untuk pihak cs ditingkatkan pelayanan konsemen sibuk terus sukses dana terima kasih pengertian,-1
"Aplikasi mempersulit transfer uang,masa iya mau transfer ke rekening bank lain harus nunggu 1 bulan,lah terus itu kan uang saya",aplikasi mempersulit transfer uang masa transfer rekening bank menunggu bulan terus uang,-1
"Saya pengguna lama dana, dan gak pernah kecewa gunakan dana.. Kalo bisa tambahin dong free admin nya lebih dari 10x...klo bsa 20x aja.yah plis..hehe",pengguna dana kecewa gunakan dana tambahkan bebas admin ya plis he,-1
"Halo, mau tanya kak. Kenapa notifikasi di ovo tidak bisa muncul ya? Saya butuh sekali untuk memberi dukungan lewat trakteer.",halo tanya kak notifikasi ovo muncul butuh untuk memberi dukungan lewat trakteer,-1
"Kiriman saya pending dan saldo saya sudah terpotong.. saya sudah lapor pihak linkAja dan kirim email.. Jawabanya cuma kami akan segera memproses masalah anda, Tp kenapa tak kunjung di proses dan harus menunggu 14 hari? Keburu hilang target nya dan hilang uang nya.. Ini uang juga bukan uang kecil loh..",kiriman pending saldo terpotong lapor pihak linkaja kirim email jawabanya memproses masalah kunjung proses menunggu terlanjur hilang target hilang uang uang uang loh,-1
Kemarin masih nyaman tapi sekarang loading nya lama tap 1 kali tidak loading tap 2 kali sering ke Doble pas kirim uang sering juga minta pin 2 kali tau taunya uang yg ke kirimjga Doble ğŸ˜­ Perbaiki lagi supaya respon cepat nih aplikasi ..,kemarin nyaman loading tap kali loading tap kali doble pas kirim uang meminta pin kali tahu taunya uang kirimjga doble perbaiki respon cepat aplikasi,-1
Kocak. Gk pernah dapet token/vocer diskon pdhl sering topup. Gk kaya pertama saya make dana. Dulu sering dapet diskon skrang mah gk ada pisan,kocak gak token vocer diskon topup gak kayak pertama memakai dana diskon mah gak,-1
Ingin menyampaikan pendapat. Semoga layanan syariah link aja bisa top up saldo dari BSI tanpa biaya admin,menyampaikan pendapat semoga layanan syariah link top up saldo bsi biaya admin,-1
"Baru download ovo, lalu Top Up, dan saya coba untuk isi pulsa. Tapi tidak bisa. Sudah saya lakukan berulang- ulang tapi tetap tidak bisa. Mohon bantu saya! Apa yang salah dengan OVO saya?",download ovo top up coba untuk isi pulsa lakukan berulang ulang tetap bantu salah ovo,-1
"apk nya bagus , sangat berguna dan lumayan lah untuk apk ini cuma hanya 1 masalah yaitu ketika waktu buka apk nya loading nya lama , jadi tolong di perbaiki & terima kasih",aplikasi bagus berguna lumayan untuk aplikasi masalah waktu aplikasi loading jadi perbaiki terima,1